S.No,Block,PLOT NO.,Street No.,PLOT SIZE,Status
1,AA,103,AA-37,25x50,Corner
2,AA,104,AA-37,25x50,
3,AA,105,AA-37,25x50,
4,AA,106,AA-37,25x50,
5,AA,107,AA-37,25x50,
6,AA,108,AA-37,25x50,
7,AA,109,AA-37,25x50,
8,AA,110,AA-37,25x50,
9,AA,111,AA-37,25x50,
10,AA,112,AA-37,25x50,
11,AA,113,AA-37,25x50,
12,AA,114,AA-37,25x50,
13,AA,115,AA-37,25x50,Corner
14,AA,116,AA-37,25x50,Corner
15,AA,117,AA-37,25x50,
16,AA,118,AA-37,25x50,
17,AA,119,AA-37,25x50,
18,AA,120,AA-37,25x50,
19,AA,121,AA-37,25x50,
20,AA,122,AA-37,25x50,
21,AA,123,AA-37,25x50,
22,AA,124,AA-37,25x50,
23,AA,125,AA-37,25x50,
24,AA,126,AA-37,25x50,
25,AA,127,AA-37,25x50,
26,AA,128,AA-37,25x50,
27,AA,129,AA-37,25x50,Corner
28,AA,130,AA-37,25x50,Corner
29,AA,131,AA-37,25x50,
30,AA,132,AA-37,25x50,
31,AA,133,AA-37,25x50,
32,AA,134,AA-37,25x50,
33,AA,135,AA-37,25x50,
34,AA,136,AA-37,25x50,
35,AA,137,AA-37,25x50,
36,AA,138,AA-37,25x50,
37,AA,139,AA-37,25x50,
38,AA,140,AA-37,25x50,
39,AA,142,AA-37,25x50,Corner
40,AA,143,AA-36,25x50,Corner
41,AA,144,AA-36,25x50,
42,AA,145,AA-36,25x50,
43,AA,146,AA-36,25x50,
44,AA,147,AA-36,25x50,
45,AA,148,AA-36,25x50,
46,AA,149,AA-36,25x50,
47,AA,150,AA-36,25x50,
48,AA,151,AA-36,25x50,
49,AA,152,AA-36,25x50,
50,AA,153,AA-36,25x50,
51,AA,154,AA-36,25x50,
52,AA,155,AA-36,25x50,Corner
53,AA,156,AA-36,25x50,Corner
54,AA,157,AA-36,25x50,
55,AA,158,AA-36,25x50,
56,AA,159,AA-36,25x50,
57,AA,160,AA-36,25x50,
58,AA,161,AA-36,25x50,
59,AA,162,AA-36,25x50,
60,AA,163,AA-36,25x50,
61,AA,164,AA-36,25x50,
62,AA,165,AA-36,25x50,
63,AA,166,AA-36,25x50,
64,AA,167,AA-36,25x50,
65,AA,168,AA-36,25x50,
66,AA,169,AA-36,25x50,Corner
67,AA,170,AA-36,25x50,Corner
68,AA,171,AA-36,25x50,
69,AA,172,AA-36,25x50,
70,AA,173,AA-36,25x50,
71,AA,174,AA-36,25x50,
72,AA,175,AA-36,25x50,
73,AA,176,AA-36,25x50,
74,AA,177,AA-36,25x50,
75,AA,178,AA-36,25x50,
76,AA,179,AA-36,25x50,
77,AA,180,AA-36,25x50,
78,AA,181,AA-36,25x50,
79,AA,182,AA-36,25x50,Corner
80,AA,317,AA-36,25x50,Corner
81,AA,318,AA-36,25x50,
82,AA,319,AA-36,25x50,
83,AA,321,AA-36,25x50,
84,AA,322,AA-36,25x50,
85,AA,323,AA-36,25x50,
86,AA,324,AA-36,25x50,
87,AA,325,AA-36,25x50,
88,AA,326,AA-36,25x50,
89,AA,327,AA-36,25x50,
90,AA,328,AA-36,25x50,
91,AA,329,AA-36,25x50,
92,AA,330,AA-36,25x50,
93,AA,331,AA-36,25x50,Corner
94,AA,332,AA-36,25x50,Corner
95,AA,333,AA-36,25x50,
96,AA,334,AA-36,25x50,
97,AA,335,AA-36,25x50,
98,AA,336,AA-36,25x50,
99,AA,337,AA-36,25x50,
100,AA,338,AA-36,25x50,
101,AA,339,AA-36,25x50,
102,AA,340,AA-36,25x50,
103,AA,341,AA-36,25x50,
104,AA,342,AA-36,25x50,
105,AA,343,AA-36,25x50,
106,AA,344,AA-36,25x50,
107,AA,345,AA-36,25x50,Corner
108,AA,346,AA-34,25x50,Corner
109,AA,347,AA-34,25x50,
110,AA,348,AA-34,25x50,
111,AA,349,AA-34,25x50,
112,AA,350,AA-34,25x50,
113,AA,351,AA-34,25x50,
114,AA,352,AA-34,25x50,
115,AA,353,AA-34,25x50,
116,AA,354,AA-34,25x50,
117,AA,355,AA-34,25x50,
118,AA,356,AA-34,25x50,
119,AA,357,AA-34,25x50,
120,AA,358,AA-34,25x50,
121,AA,359,AA-34,25x50,Corner
122,AA,360,AA-34,25x50,Corner
123,AA,361,AA-34,25x50,
124,AA,362,AA-34,25x50,
125,AA,363,AA-34,25x50,
126,AA,364,AA-34,25x50,
127,AA,365,AA-34,25x50,
128,AA,366,AA-34,25x50,
129,AA,367,AA-34,25x50,
130,AA,368,AA-34,25x50,
131,AA,369,AA-34,25x50,
132,AA,370,AA-34,25x50,
133,AA,371,AA-34,25x50,
134,AA,372,AA-34,25x50,
135,AA,373,AA-34,25x50,
136,AA,374,AA-34,25x50,Corner
137,AA,375,AA-07,25x50,Corner
138,AA,376,AA-07,25x50,
139,AA,377,AA-07,25x50,
140,AA,378,AA-07,25x50,
141,AA,379,AA-07,25x50,
142,AA,380,AA-07,25x50,
143,AA,381,AA-07,25x50,
144,AA,382,AA-07,25x50,
145,AA,383,AA-07,25x50,
146,AA,384,AA-07,25x50,
147,AA,385,AA-07,25x50,
148,AA,386,AA-07,25x50,
149,AA,387,AA-07,25x50,
150,AA,388,AA-07,25x50,
151,AA,389,AA-07,25x50,
152,AA,390,AA-07,25x50,
153,AA,391,AA-07,25x50,Corner
154,AA,392,AA-07,25x50,Corner
155,AA,393,AA-07,25x50,
156,AA,394,AA-07,25x50,
157,AA,395,AA-07,25x50,
158,AA,396,AA-07,25x50,
159,AA,397,AA-07,25x50,
160,AA,398,AA-07,25x50,
161,AA,399,AA-07,25x50,
162,AA,400,AA-07,25x50,
163,AA,401,AA-07,25x50,
164,AA,402,AA-07,25x50,
165,AA,403,AA-07,25x50,
166,AA,404,AA-07,25x50,
167,AA,405,AA-07,25x50,Corner
168,AA,406,AA-29,25x50,Corner
169,AA,407,AA-29,25x50,
170,AA,408,AA-29,25x50,
171,AA,409,AA-29,25x50,
172,AA,410,AA-29,25x50,
173,AA,411,AA-29,25x50,
174,AA,412,AA-29,25x50,
175,AA,413,AA-29,25x50,
176,AA,414,AA-29,25x50,
177,AA,415,AA-29,25x50,
178,AA,416,AA-29,25x50,
179,AA,417,AA-29,25x50,
180,AA,418,AA-29,25x50,
181,AA,419A,AA-29,25x50,Corner
182,AA,419,AA-29,25x50,Corner
183,AA,421,AA-29,25x50,
184,AA,422,AA-29,25x50,
185,AA,423,AA-29,25x50,
186,AA,424,AA-29,25x50,
187,AA,425,AA-29,25x50,
188,AA,426,AA-29,25x50,
189,AA,427,AA-29,25x50,
190,AA,428,AA-29,25x50,
191,AA,429,AA-29,25x50,
192,AA,430,AA-29,25x50,
193,AA,431,AA-29,25x50,
194,AA,432,AA-29,25x50,
195,AA,433,AA-29,25x50,
196,AA,434,AA-29,25x50,
197,AA,435,AA-29,25x50,
198,AA,436,AA-29,25x50,Corner
199,AA,437,AA-29,25x50,
200,AA,438,AA-29,25x50,Corner
201,AA,439,AA-34,25x50,
202,AA,440,AA-34,25x50,
203,AA,441,AA-34,25x50,
204,AA,442,AA-34,25x50,
205,AA,443,AA-34,25x50,
206,AA,444,AA-34,25x50,
207,AA,445,AA-34,25x50,
208,AA,446,AA-34,25x50,
209,AA,447,AA-34,25x50,
210,AA,448,AA-34,25x50,Corner
211,AA,449,AA-34,25x50,Corner
212,AA,450,AA-34,25x50,
213,AA,451,AA-34,25x50,
214,AA,452,AA-34,25x50,
215,AA,453,AA-34,25x50,
216,AA,454,AA-34,25x50,
217,AA,455,AA-34,25x50,
218,AA,456,AA-34,25x50,
219,AA,457,AA-34,25x50,
220,AA,458,AA-34,25x50,
221,AA,459,AA-39,25x50,Corner
222,AA,460,AA-39,25x50,
223,AA,461,AA-39,25x50,Corner
224,AA,462,AA-32,25x50,
225,AA,463,AA-32,25x50,
226,AA,464,AA-32,25x50,
227,AA,465,AA-32,25x50,
228,AA,466,AA-32,25x50,
229,AA,467,AA-32,25x50,
230,AA,468,AA-32,25x50,
231,AA,469,AA-32,25x50,
232,AA,470,AA-32,25x50,
233,AA,471,AA-32,25x50,Corner
234,AA,472,AA-32,25x50,Corner
235,AA,473,AA-32,25x50,
236,AA,474,AA-32,25x50,
237,AA,475,AA-32,25x50,
238,AA,476,AA-32,25x50,
239,AA,477,AA-32,25x50,
240,AA,478,AA-32,25x50,
241,AA,479,AA-32,25x50,
242,AA,480,AA-32,25x50,
243,AA,481,AA-32,25x50,
244,AA,482,AA-29,25x50,Corner
245,AA,483,AA-32,25x50,Corner
246,AA,484,AA-32,25x50,
247,AA,485,AA-32,25x50,
248,AA,486,AA-32,25x50,
249,AA,487,AA-32,25x50,
250,AA,488,AA-32,25x50,
251,AA,489,AA-32,25x50,
252,AA,490,AA-32,25x50,
253,AA,491,AA-32,25x50,
254,AA,492,AA-32,25x50,
255,AA,493,AA-32,25x50,
256,AA,494,AA-32,25x50,
257,AA,495,AA-32,25x50,
258,AA,496,AA-32,25x50,
259,AA,497,AA-32,25x50,
260,AA,498,AA-32,25x50,
261,AA,499,AA-32,25x50,
262,AA,500,AA-32,25x50,
263,AA,501,AA-32,25x50,Corner
264,AA,502,AA-31,25x50,Park Face   Corner
265,AA,503,AA-31,25x50,Park Face
266,AA,504,AA-31,25x50,Park Face
267,AA,505,AA-31,25x50,Park Face
268,AA,506,AA-31,25x50,Park Face
269,AA,507,AA-31,25x50,Park Face
270,AA,508,AA-31,25x50,Park Face
271,AA,509,AA-31,25x50,Park Face
272,AA,510,AA-31,25x50,Park Face
273,AA,511,AA-31,25x50,Park Face
274,AA,512,AA-31,25x50,
275,AA,513,AA-31,25x50,
276,AA,514,AA-31,25x50,
277,AA,515,AA-31,25x50,
278,AA,516,AA-31,25x50,
279,AA,517,AA-31,25x50,
280,AA,518,AA-31,25x50,
281,AA,519,AA-31,25x50,
282,AA,520,AA-31,25x50,Corner
283,AA,521,AA-28,25x50,Park Face   Corner
284,AA,522,AA-28,25x50,Park Face
285,AA,523,AA-28,25x50,Park Face
286,AA,524,AA-28,25x50,Park Face
287,AA,525,AA-28,25x50,Park Face
288,AA,526,AA-28,25x50,Park Face
289,AA,527,AA-28,25x50,Park Face
290,AA,528,AA-28,25x50,Park Face
291,AA,529,AA-28,25x50,Park Face
292,AA,530,AA-28,25x50,Park Face
293,AA,531,AA-28,25x50,
294,AA,532,AA-28,25x50,
295,AA,533,AA-28,25x50,
296,AA,534,AA-28,25x50,
297,AA,535,AA-28,25x50,
298,AA,536,AA-28,25x50,
299,AA,537,AA-28,25x50,
300,AA,538,AA-28,25x50,
301,AA,539,AA-28,25x50,Corner
302,AA,540,AA-27,25x50,Corner
303,AA,541,AA-27,25x50,
304,AA,542,AA-27,25x50,
305,AA,543,AA-27,25x50,
306,AA,544,AA-27,25x50,
307,AA,545,AA-27,25x50,
308,AA,546,AA-27,25x50,
309,AA,547,AA-27,25x50,
310,AA,548,AA-27,25x50,
311,AA,549,AA-27,25x50,
312,AA,550,AA-27,25x50,
313,AA,551,AA-27,25x50,
314,AA,552,AA-27,25x50,
315,AA,553,AA-27,25x50,
316,AA,554,AA-27,25x50,
317,AA,555,AA-27,25x50,
318,AA,556,AA-27,25x50,
319,AA,557,AA-27,25x50,
320,AA,558,AA-27,25x50,Corner
321,AA,559,AA-40,25x50,Corner
322,AA,560,AA-27,25x50,
323,AA,561,AA-27,25x50,
324,AA,562,AA-27,25x50,
325,AA,563,AA-27,25x50,
326,AA,564,AA-27,25x50,
327,AA,565,AA-27,25x50,
328,AA,566,AA-27,25x50,
329,AA,567,AA-27,25x50,
330,AA,568,AA-27,25x50,
331,AA,569,AA-27,25x50,Corner
332,AA,570,AA-27,25x50,Corner
333,AA,571,AA-27,25x50,
334,AA,572,AA-27,25x50,
335,AA,573,AA-27,25x50,
336,AA,574,AA-27,25x50,
337,AA,575,AA-27,25x50,
338,AA,576,AA-27,25x50,
339,AA,577,AA-27,25x50,
340,AA,578,AA-27,25x50,
341,AA,579,AA-27,25x50,
342,AA,580,AA-27,25x50,
343,AA,581,AA-27,25x50,Corner
344,AA,582,AA-25,25x50,Corner
345,AA,583,AA-25,25x50,
346,AA,584,AA-25,25x50,
347,AA,585,AA-25,25x50,
348,AA,586,AA-25,25x50,
349,AA,587,AA-25,25x50,
350,AA,588,AA-25,25x50,
351,AA,589,AA-25,25x50,
352,AA,590,AA-25,25x50,
353,AA,591,AA-25,25x50,
354,AA,592,AA-25,25x50,
355,AA,593,AA-25,25x50,Corner
356,AA,594,AA-25,25x50,Corner
357,AA,595,AA-25,25x50,
358,AA,596,AA-25,25x50,
359,AA,597,AA-25,25x50,
360,AA,598,AA-25,25x50,
361,AA,599,AA-25,25x50,
362,AA,600,AA-25,25x50,
363,AA,601,AA-25,25x50,
364,AA,602,AA-25,25x50,
365,AA,603,AA-25,25x50,
366,AA,604,AA-40,25x50,Corner
367,AA,605,AA-40,25x50,
368,AA,606,AA-40,25x50,Corner
369,AA,607,AA-40,25x50,
370,AA,608,AA-40,25x50,
371,AA,609,AA-40,25x50,
372,AA,610,AA-40,25x50,
373,AA,611,AA-40,25x50,
374,AA,612,AA-40,25x50,
375,AA,613,AA-40,25x50,
376,AA,614,AA-40,25x50,
377,AA,615,AA-40,25x50,
378,AA,616,AA-40,25x50,
379,AA,617,AA-40,25x50,
380,AA,618,AA-40,25x50,
381,AA,619,AA-40,25x50,
382,AA,620,AA-40,25x50,
383,AA,621,AA-40,25x50,Corner
384,AA,622,AA-40,25x50,Corner
385,AA,623,AA-40,25x50,
386,AA,624,AA-40,25x50,
387,AA,625,AA-40,25x50,
388,AA,626,AA-40,25x50,
389,AA,627,AA-40,25x50,
390,AA,628,AA-40,25x50,
391,AA,629,AA-40,25x50,
392,AA,630,AA-40,25x50,
393,AA,631,AA-40,25x50,
394,AA,632,AA-40,25x50,
395,AA,633,AA-40,25x50,
396,AA,634,AA-40,25x50,
397,AA,635,AA-40,25x50,
398,AA,636,AA-40,25x50,Corner
399,AA,637,AA-39,25x50,Corner
400,AA,638,AA-39,25x50,
401,AA,639,AA-39,25x50,
402,AA,640,AA-39,25x50,
403,AA,641,AA-39,25x50,
404,AA,642,AA-39,25x50,
405,AA,643,AA-39,25x50,
406,AA,644,AA-39,25x50,
407,AA,645,AA-39,25x50,
408,AA,646,AA-39,25x50,
409,AA,647,AA-39,25x50,
410,AA,648,AA-39,25x50,
411,AA,649,AA-39,25x50,
412,AA,650,AA-39,25x50,
413,AA,651,AA-39,25x50,Corner
414,AA,652,AA-39,25x50,Corner
415,AA,653,AA-39,25x50,
416,AA,654,AA-39,25x50,
417,AA,655,AA-39,25x50,
418,AA,656,AA-39,25x50,
419,AA,657,AA-39,25x50,
420,AA,658,AA-39,25x50,
421,AA,659,AA-39,25x50,
422,AA,660,AA-39,25x50,
423,AA,661,AA-39,25x50,
424,AA,662,AA-39,25x50,
425,AA,663,AA-39,25x50,
426,AA,664,AA-39,25x50,
427,AA,665,AA-39,25x50,
428,AA,666,AA-39,25x50,
429,AA,667,AA-39,25x50,Corner
430,AA,899,AA-21,25x50,Corner
431,AA,900,AA-21,25x50,
432,AA,901,AA-21,25x50,
433,AA,902,AA-21,25x50,
434,AA,903,AA-21,25x50,
435,AA,904,AA-21,25x50,
436,AA,905,AA-21,25x50,
437,AA,906,AA-21,25x50,
438,AA,907,AA-21,25x50,
439,AA,908,AA-21,25x50,
440,AA,909,AA-21,25x50,
441,AA,910,AA-21,25x50,Corner
442,AA,911,AA-21,25x50,Corner
443,AA,912,AA-21,25x50,
444,AA,913,AA-21,25x50,
445,AA,914,AA-21,25x50,
446,AA,915,AA-21,25x50,
447,AA,916,AA-21,25x50,
448,AA,917,AA-21,25x50,
449,AA,918,AA-21,25x50,
450,AA,919,AA-21,25x50,
451,AA,920,AA-21,25x50,
452,AA,924,AA-19,25x50,
453,AA,925,AA-19,25x50,
454,AA,926,AA-19,25x50,
455,AA,927,AA-19,25x50,
456,AA,928,AA-19,25x50,
457,AA,929,AA-19,25x50,
458,AA,930,AA-19,25x50,
459,AA,931,AA-19,25x50,
460,AA,932,AA-19,25x50,
461,AA,933,AA-19,25x50,Corner
462,AA,934,AA-19,25x50,Corner
463,AA,935,AA-19,25x50,
464,AA,936,AA-19,25x50,
465,AA,937,AA-19,25x50,
466,AA,938,AA-19,25x50,
467,AA,939,AA-19,25x50,
468,AA,940,AA-19,25x50,
469,AA,941,AA-19,25x50,
470,AA,942,AA-19,25x50,
471,AA,943,AA-19,25x50,
472,AA,944,AA-19,25x50,
473,AA,945,AA-19,25x50,Corner
474,AA,946,AA-19,25x50,Corner
475,AA,947,AA-19,25x50,
476,AA,948,AA-19,25x50,
477,AA,949,AA-19,25x50,
478,AA,950,AA-19,25x50,
479,AA,951,AA-19,25x50,
480,AA,952,AA-19,25x50,
481,AA,953,AA-19,25x50,
482,AA,954,AA-19,25x50,
483,AA,955,AA-19,25x50,
484,AA,956,AA-19,25x50,
485,AA,957,AA-19,25x50,
486,AA,958,AA-19,25x50,
487,AA,959,AA-19,25x50,
488,AA,960,AA-19,25x50,
489,AA,961,AA-19,25x50,
490,AA,962,AA-19,25x50,
491,AA,963,AA-19,25x50,
492,AA,964,AA-19,25x50,Corner
493,AA,1091,AA-17,25x50,
494,AA,1092,AA-17,25x50,
495,AA,1093,AA-17,25x50,
496,AA,1094,AA-17,25x50,
497,AA,1095,AA-17,25x50,
498,AA,1096,AA-17,25x50,
499,AA,1097,AA-17,25x50,
500,AA,1098,AA-17,25x50,Corner
501,A-Exe-II,1,Sports Ave,35x70,Main Road
502,A-Exe-II,3,Sports Ave,35x70,Main Road Corner
503,A-Exe-II,5,Sports Ave,35x70,Main Road
504,A-Exe-II,7,Sports Ave,35x70,Main Road
505,A-Exe-II,9,Sports Ave,35x70,Main Road
506,A-Exe-II,11,Sports Ave,35x70,Main Road
507,A-Exe-II,13,Sports Ave,35x70,Main Road
508,A-Exe-II,15,Sports Ave,35x70,Main Road
509,A-Exe-II,17,Sports Ave,35x70,Main Road
510,A-Exe-II,19,Sports Ave,35x70,Main Road
511,A-Exe-II,21,Sports Ave,35x70,Main Road
512,A-Exe-II,23,Sports Ave,35x70,Main Road
513,A-Exe-II,25,Sports Ave,35x70,Main Road
514,A-Exe-II,27,Sports Ave,35x70,Main Road
515,A-Exe-II,29,Sports Ave,35x70,Main Road
516,A-Exe-II,31,Sports Ave,35x70,Main Road
517,A-Exe-II,33,Sports Ave,35x70,Main Road
518,A-Exe-II,63,Sports Ave,35x70,Main Road
519,A-Exe-II,65,Sports Ave,35x70,Main Road
520,A-Exe-II,67,Sports Ave,35x70,Main Road
521,A-Exe-II,69,Sports Ave,35x70,Main Road
522,A-Exe-II,71,Sports Ave,35x70,Main Road
523,A-Exe-II,79,Sports Ave,35x70,Main Road
524,A-Exe-II,81,Sports Ave,35x70,Main Road
525,A-Exe-II,83,Sports Ave,35x70,Main Road
526,A-Exe-II,85,Sports Ave,35x70,Main Road
527,A-Exe-II,87,Sports Ave,35x70,Main Road
528,A-Exe-II,89,Sports Ave,35x70,Main Road
529,A-Exe-II,91,Sports Ave,35x70,Main Road
530,A-Exe-II,93,Sports Ave,35x70,Main Road
531,A-Exe-II,95,Sports Ave,35x70,Main Road
532,A-Exe-II,97,Sports Ave,35x70,Main Road
533,A-Exe-II,99,Sports Ave,35x70,Main Road
534,A-Exe-II,101,Sports Ave,35x70,Main Road
535,A-Exe-II,103,Sports Ave,35x70,Main Road
536,A-Exe-II,105,Sports Ave,35x70,Main Road
537,A-Exe-II,107,Sports Ave,35x70,Main Road
538,A-Exe-II,109,Sports Ave,35x70,Main Road Corner
539,A-Exe-II,2,Main Boulevard - II,35x70,Main Road
540,A-Exe-II,4,Main Boulevard - II,35x70,Main Road
541,A-Exe-II,6,Main Boulevard - II,35x70,Main Road
542,A-Exe-II,8,Main Boulevard - II,35x70,Main Road
543,A-Exe-II,10,Main Boulevard - II,35x70,Main Road
544,A-Exe-II,12,Main Boulevard - II,35x70,Main Road
545,A-Exe-II,14,Main Boulevard - II,35x70,Main Road
546,A-Exe-II,16,Main Boulevard - II,35x70,Main Road
547,A-Exe-II,18,Main Boulevard - II,35x70,Main Road
548,A-Exe-II,20,Main Boulevard - II,35x70,Main Road
549,A-Exe-II,22,Main Boulevard - II,35x70,Main Road Corner
550,A-Exe-II,24,Main Boulevard - II,35x70,Main Road Corner
551,A-Exe-II,26,Main Boulevard - II,35x70,Main Road
552,A-Exe-II,28,Main Boulevard - II,35x70,Main Road
553,A-Exe-II,30,Main Boulevard - II,35x70,Main Road
554,A-Exe-II,32,Main Boulevard - II,35x70,Main Road
555,A-Exe-II,34,Main Boulevard - II,35x70,Main Road
556,A-Exe-II,36,Main Boulevard - II,35x70,Main Road
557,A-Exe-II,38,Main Boulevard - II,35x70,Main Road
558,A-Exe-II,40,Main Boulevard - II,35x70,Main Road
559,A-Exe-II,42,Main Boulevard - II,35x70,Main Road
560,A-Exe-II,44,Main Boulevard - II,35x70,Main Road
561,A-Exe-II,46,Main Boulevard - II,35x70,Main Road Corner
562,A-Exe-II,12,AE2-St-03,35x70,
563,A-Exe-II,14,AE2-St-03,35x70,
564,A-Exe-II,16,AE2-St-03,35x70,
565,A-Exe-II,18,AE2-St-03,35x70,
566,A-Exe-II,20,AE2-St-03,35x70,
567,A-Exe-II,22,AE2-St-03,35x70,
568,A-Exe-II,24,AE2-St-03,35x70,
569,A-Exe-II,26,AE2-St-03,35x70,
570,A-Exe-II,28,AE2-St-03,35x70,
571,A-Exe-II,30,AE2-St-03,35x70,
572,A-Exe-II,64,AE2-St-03,35x70,
573,A-Exe-II,66,AE2-St-03,35x70,
574,A-Exe-II,68,AE2-St-03,35x70,
575,A-Exe-II,70,AE2-St-03,35x70,
576,A-Exe-II,72,AE2-St-03,35x70,
577,A-Exe-II,80,AE2-St-03,35x70,
578,A-Exe-II,82,AE2-St-03,35x70,
579,A-Exe-II,84,AE2-St-03,35x70,
580,A-Exe-II,86,AE2-St-03,35x70,
581,A-Exe-II,88,AE2-St-03,35x70,
582,A-Exe-II,90,AE2-St-03,35x70,
583,A-Exe-II,92,AE2-St-03,35x70,
584,A-Exe-II,94,AE2-St-03,35x70,
585,A-Exe-II,96,AE2-St-03,35x70,
586,A-Exe-II,98,AE2-St-03,35x70,
587,A-Exe-II,100,AE2-St-03,35x70,
588,A-Exe-II,102,AE2-St-03,35x70,
589,A-Exe-II,104,AE2-St-03,35x70,
590,A-Exe-II,106,AE2-St-03,35x70,
591,A-Exe-II,108,AE2-St-03,35x70,
592,A-Exe-II,110,AE2-St-03,35x70,Corner
593,A-Exe-II,61,AE2-St-03,30x60,Corner
594,A-Exe-II,63,AE2-St-03,30x60,
595,A-Exe-II,65,AE2-St-03,30x60,
596,A-Exe-II,67,AE2-St-03,30x60,
597,A-Exe-II,69,AE2-St-03,30x60,
598,A-Exe-II,71,AE2-St-03,30x60,
599,A-Exe-II,73,AE2-St-03,30x60,
600,A-Exe-II,75,AE2-St-03,30x60,
601,A-Exe-II,77,AE2-St-03,30x60,
602,A-Exe-II,79,AE2-St-03,30x60,
603,A-Exe-II,81,AE2-St-03,30x60,
604,A-Exe-II,83,AE2-St-03,30x60,
605,A-Exe-II,85,AE2-St-03,30x60,
606,A-Exe-II,87,AE2-St-03,30x60,
607,A-Exe-II,89,AE2-St-03,30x60,Corner
608,A-Exe-II,7,AE2-St-05,25x50,Corner
609,A-Exe-II,9,AE2-St-05,25x50,
610,A-Exe-II,11,AE2-St-05,25x50,
611,A-Exe-II,13,AE2-St-05,25x50,
612,A-Exe-II,15,AE2-St-05,25x50,
613,A-Exe-II,17,AE2-St-05,25x50,
614,A-Exe-II,19,AE2-St-05,25x50,
615,A-Exe-II,21,AE2-St-05,25x50,
616,A-Exe-II,23,AE2-St-05,25x50,
617,A-Exe-II,25,AE2-St-05,25x50,
618,A-Exe-II,27,AE2-St-05,25x50,Corner
619,A-Exe-II,1,AE2-St-06,35x70,
620,A-Exe-II,3,AE2-St-06,35x70,
621,A-Exe-II,5,AE2-St-06,35x70,
622,A-Exe-II,7,AE2-St-06,35x70,
623,A-Exe-II,9,AE2-St-06,35x70,
624,A-Exe-II,11,AE2-St-06,35x70,
625,A-Exe-II,13,AE2-St-06,35x70,
626,A-Exe-II,15,AE2-St-06,35x70,
627,A-Exe-II,17,AE2-St-06,35x70,
628,A-Exe-II,19,AE2-St-06,35x70,
629,A-Exe-II,21,AE2-St-06,35x70,Corner
630,A-Exe-II,23,AE2-St-06,35x70,Corner
631,A-Exe-II,25,AE2-St-06,35x70,
632,A-Exe-II,27,AE2-St-06,35x70,
633,A-Exe-II,29,AE2-St-06,35x70,
634,A-Exe-II,31,AE2-St-06,35x70,
635,A-Exe-II,33,AE2-St-06,35x70,
636,A-Exe-II,35,AE2-St-06,35x70,
637,A-Exe-II,37,AE2-St-06,35x70,
638,A-Exe-II,39,AE2-St-06,35x70,
639,A-Exe-II,41,AE2-St-06,35x70,
640,A-Exe-II,43,AE2-St-06,35x70,
641,A-Exe-II,45,AE2-St-06,35x70,Corner
642,A-Exe-II,2,AE2-St-08,30x60,Corner
643,A-Exe-II,4,AE2-St-08,30x60,
644,A-Exe-II,6,AE2-St-08,30x60,
645,A-Exe-II,8,AE2-St-08,30x60,
646,A-Exe-II,10,AE2-St-08,30x60,
647,A-Exe-II,12,AE2-St-08,30x60,
648,A-Exe-II,14,AE2-St-08,30x60,
649,A-Exe-II,16,AE2-St-08,30x60,
650,A-Exe-II,18,AE2-St-08,30x60,
651,A-Exe-II,20,AE2-St-08,30x60,
652,A-Exe-II,22,AE2-St-08,30x60,Corner
653,A-Exe-II,24,AE2-St-08,30x60,Corner
654,A-Exe-II,26,AE2-St-08,30x60,
655,A-Exe-II,28,AE2-St-08,30x60,
656,A-Exe-II,30,AE2-St-08,30x60,
657,A-Exe-II,32,AE2-St-08,30x60,
658,A-Exe-II,34,AE2-St-08,30x60,
659,A-Exe-II,36,AE2-St-08,30x60,
660,A-Exe-II,38,AE2-St-08,30x60,
661,A-Exe-II,40,AE2-St-08,30x60,
662,A-Exe-II,42,AE2-St-08,30x60,
663,A-Exe-II,44,AE2-St-08,30x60,
664,A-Exe-II,46,AE2-St-08,30x60,
665,A-Exe-II,1,AE2-St-08,35x70,Corner
666,A-Exe-II,3,AE2-St-08,35x70,
667,A-Exe-II,5,AE2-St-08,35x70,
668,A-Exe-II,7,AE2-St-08,35x70,
669,A-Exe-II,9,AE2-St-08,35x70,
670,A-Exe-II,11,AE2-St-08,35x70,
671,A-Exe-II,13,AE2-St-08,35x70,
672,A-Exe-II,15,AE2-St-08,35x70,
673,A-Exe-II,17,AE2-St-08,35x70,
674,A-Exe-II,19,AE2-St-08,35x70,
675,A-Exe-II,21,AE2-St-08,35x70,
676,A-Exe-II,23,AE2-St-08,35x70,
677,A-Exe-II,25,AE2-St-08,35x70,
678,A-Exe-II,27,AE2-St-08,35x70,
679,A-Exe-II,29,AE2-St-08,35x70,
680,A-Exe-II,31,AE2-St-08,35x70,
681,A-Exe-II,33,AE2-St-08,35x70,
682,A-Exe-II,35,AE2-St-08,35x70,Corner
683,A-Exe-II,37,AE2-St-08,35x70,Corner
684,A-Exe-II,39,AE2-St-08,35x70,
685,A-Exe-II,41,AE2-St-08,35x70,
686,A-Exe-II,43,AE2-St-08,35x70,
687,A-Exe-II,45,AE2-St-08,35x70,
688,A-Exe-II,47,AE2-St-08,35x70,
689,A-Exe-II,49,AE2-St-08,35x70,
690,A-Exe-II,2,AE2-St-09,35x70,Corner
691,A-Exe-II,4,AE2-St-09,35x70,
692,A-Exe-II,6,AE2-St-09,35x70,
693,A-Exe-II,8,AE2-St-09,35x70,
694,A-Exe-II,10,AE2-St-09,35x70,
695,A-Exe-II,12,AE2-St-09,35x70,
696,A-Exe-II,14,AE2-St-09,35x70,
697,A-Exe-II,16,AE2-St-09,35x70,
698,A-Exe-II,18,AE2-St-09,35x70,
699,A-Exe-II,20,AE2-St-09,35x70,
700,A-Exe-II,22,AE2-St-09,35x70,
701,A-Exe-II,24,AE2-St-09,35x70,
702,A-Exe-II,26,AE2-St-09,35x70,
703,A-Exe-II,28,AE2-St-09,35x70,
704,A-Exe-II,30,AE2-St-09,35x70,
705,A-Exe-II,32,AE2-St-09,35x70,Parkface
706,A-Exe-II,34,AE2-St-09,35x70,Parkface
707,A-Exe-II,36,AE2-St-09,35x70,Park Face   Corner
708,A-Exe-II,38,AE2-St-09,35x70,Park Face   Corner
709,A-Exe-II,40,AE2-St-09,35x70,Park Face
710,A-Exe-II,42,AE2-St-09,35x70,
711,A-Exe-II,44,AE2-St-09,35x70,
712,A-Exe-II,46,AE2-St-09,35x70,
713,A-Exe-II,48,AE2-St-09,35x70,
714,A-Exe-II,50,AE2-St-09,35x70,
715,A-Exe-II,2,AE2-St-12,25x50,Corner
716,A-Exe-II,4,AE2-St-12,25x50,
717,A-Exe-II,6,AE2-St-12,25x50,
718,A-Exe-II,8,AE2-St-12,25x50,
719,A-Exe-II,10,AE2-St-12,25x50,
720,A-Exe-II,12,AE2-St-12,25x50,
721,A-Exe-II,14,AE2-St-12,25x50,
722,A-Exe-II,16,AE2-St-12,25x50,
723,A-Exe-II,18,AE2-St-12,25x50,
724,A-Exe-II,20,AE2-St-12,25x50,
725,A-Exe-II,22,AE2-St-12,25x50,
726,A-Exe-II,24,AE2-St-12,25x50,
727,A-Exe-II,26,AE2-St-12,25x50,
728,A-Exe-II,28,AE2-St-12,25x50,
729,A-Exe-II,30,AE2-St-12,25x50,
730,A-Exe-II,32,AE2-St-12,25x50,
731,A-Exe-II,34,AE2-St-12,25x50,
732,A-Exe-II,36,AE2-St-12,25x50,Corner
733,A-Exe-II,1,AE2-St-12,30x60,Corner
734,A-Exe-II,3,AE2-St-12,30x60,
735,A-Exe-II,5,AE2-St-12,30x60,
736,A-Exe-II,7,AE2-St-12,30x60,
737,A-Exe-II,9,AE2-St-12,30x60,
738,A-Exe-II,11,AE2-St-12,30x60,
739,A-Exe-II,13,AE2-St-12,30x60,
740,A-Exe-II,15,AE2-St-12,30x60,
741,A-Exe-II,17,AE2-St-12,30x60,
742,A-Exe-II,19,AE2-St-12,30x60,
743,A-Exe-II,21,AE2-St-12,30x60,Corner
744,A-Exe-II,1,AE2-St-14,25x50,Corner
745,A-Exe-II,3,AE2-St-14,25x50,
746,A-Exe-II,5,AE2-St-14,25x50,
747,A-Exe-II,7,AE2-St-14,25x50,
748,A-Exe-II,9,AE2-St-14,25x50,
749,A-Exe-II,11,AE2-St-14,25x50,
750,A-Exe-II,13,AE2-St-14,25x50,
751,A-Exe-II,15,AE2-St-14,25x50,
752,A-Exe-II,17,AE2-St-14,25x50,
753,A-Exe-II,19,AE2-St-14,25x50,
754,A-Exe-II,21,AE2-St-14,25x50,
755,A-Exe-II,23,AE2-St-14,25x50,
756,A-Exe-II,25,AE2-St-14,25x50,
757,A-Exe-II,27,AE2-St-14,25x50,
758,A-Exe-II,29,AE2-St-14,25x50,
759,A-Exe-II,31,AE2-St-14,25x50,
760,A-Exe-II,33,AE2-St-14,25x50,
761,A-Exe-II,35,AE2-St-14,25x50,Corner
762,A-Exe-II,2,AE2-St-16,25x50,Corner
763,A-Exe-II,4,AE2-St-16,25x50,
764,A-Exe-II,6,AE2-St-16,25x50,
765,A-Exe-II,8,AE2-St-16,25x50,
766,A-Exe-II,10,AE2-St-16,25x50,
767,A-Exe-II,12,AE2-St-16,25x50,
768,A-Exe-II,14,AE2-St-16,25x50,
769,A-Exe-II,16,AE2-St-16,25x50,
770,A-Exe-II,18,AE2-St-16,25x50,
771,A-Exe-II,20,AE2-St-16,25x50,
772,A-Exe-II,22,AE2-St-16,25x50,Corner
773,A-Exe-II,1,AE2-St-19,25x50,Corner
774,A-Exe-II,3,AE2-St-19,25x50,
775,A-Exe-II,5,AE2-St-19,25x50,
776,A-Exe-II,7,AE2-St-19,25x50,
777,A-Exe-II,9,AE2-St-19,25x50,
778,A-Exe-II,11,AE2-St-19,25x50,
779,A-Exe-II,13,AE2-St-19,25x50,
780,A-Exe-II,15,AE2-St-19,25x50,
781,A-Exe-II,17,AE2-St-19,25x50,
782,A-Exe-II,19,AE2-St-19,25x50,
783,A-Exe-II,21,AE2-St-19,25x50,
784,A-Exe-II,23,AE2-St-19,25x50,
785,A-Exe-II,25,AE2-St-19,25x50,
786,A-Exe-II,35,AE2-St-19,25x50,Corner
787,A-Exe-II,28,AE2-St-19,25x50,Corner
788,A-Exe-II,30,AE2-St-19,25x50,Corner
789,A-Exe-II,2,AE2-St-24,25x50,Corner
790,A-Exe-II,4,AE2-St-24,25x50,
791,A-Exe-II,6,AE2-St-24,25x50,
792,A-Exe-II,8,AE2-St-24,25x50,
793,A-Exe-II,10,AE2-St-24,25x50,
794,A-Exe-II,12,AE2-St-24,25x50,
795,A-Exe-II,14,AE2-St-24,25x50,
796,A-Exe-II,16,AE2-St-24,25x50,
797,A-Exe-II,18,AE2-St-24,25x50,
798,A-Exe-II,20,AE2-St-24,25x50,
799,A-Exe-II,22,AE2-St-24,25x50,
800,A-Exe-II,24,AE2-St-24,25x50,
801,A-Exe-II,26,AE2-St-24,25x50,
802,A-Exe-II,28,AE2-St-24,25x50,
803,A-Exe-II,30,AE2-St-24,25x50,
804,A-Exe-II,32,AE2-St-24,25x50,
805,A-Exe-II,34,AE2-St-24,25x50,
806,A-Exe-II,36,AE2-St-24,25x50,
807,A-Exe-II,38,AE2-St-24,25x50,
808,A-Exe-II,40,AE2-St-24,25x50,
809,A-Exe-II,1,AE2-St-26,25x50,Corner
810,A-Exe-II,3,AE2-St-26,25x50,
811,A-Exe-II,5,AE2-St-26,25x50,
812,A-Exe-II,7,AE2-St-26,25x50,
813,A-Exe-II,9,AE2-St-26,25x50,
814,A-Exe-II,11,AE2-St-26,25x50,
815,A-Exe-II,13,AE2-St-26,25x50,
816,A-Exe-II,15,AE2-St-26,25x50,
817,A-Exe-II,17,AE2-St-26,25x50,
818,A-Exe-II,19,AE2-St-26,25x50,
819,A-Exe-II,21,AE2-St-26,25x50,
820,A-Exe-II,23,AE2-St-26,25x50,Park Face
821,A-Exe-II,25,AE2-St-26,25x50,Park Face
822,A-Exe-II,27,AE2-St-26,25x50,Park Face
823,A-Exe-II,29,AE2-St-26,25x50,Park Face
824,A-Exe-II,31,AE2-St-26,25x50,Park Face
825,A-Exe-II,33,AE2-St-26,25x50,
826,A-Exe-II,35,AE2-St-26,25x50,
827,A-Exe-II,37,AE2-St-26,25x50,
828,A-Exe-II,39,AE2-St-26,25x50,
829,A-Exe-II,2,AE2-St-28,25x50,Park Face Corner
830,A-Exe-II,4,AE2-St-28,25x50,Parkface
831,A-Exe-II,6,AE2-St-28,25x50,Parkface
832,A-Exe-II,8,AE2-St-28,25x50,Parkface
833,A-Exe-II,10,AE2-St-28,25x50,Parkface
834,A-Exe-II,12,AE2-St-28,25x50,Parkface
835,A-Exe-II,14,AE2-St-28,25x50,Parkface
836,A-Exe-II,16,AE2-St-28,25x50,Parkface
837,A-Exe-II,18,AE2-St-28,25x50,
838,A-Exe-II,20,AE2-St-28,25x50,
839,A-Exe-II,22,AE2-St-28,25x50,
840,A-Exe-II,24,AE2-St-28,25x50,
841,A-Exe-II,26,AE2-St-28,25x50,
842,A-Exe-II,28,AE2-St-28,25x50,
843,A-Exe-II,30,AE2-St-28,25x50,
844,A-Exe-II,32,AE2-St-28,25x50,
845,A-Exe-II,34,AE2-St-28,25x50,
846,A-Exe-II,36,AE2-St-28,25x50,Corner
847,A-Exe-II,1,AE2-St-29,25x50,Corner
848,A-Exe-II,3,AE2-St-29,25x50,
849,A-Exe-II,5,AE2-St-29,25x50,
850,A-Exe-II,7,AE2-St-29,25x50,
851,A-Exe-II,9,AE2-St-29,25x50,
852,A-Exe-II,11,AE2-St-29,25x50,
853,A-Exe-II,13,AE2-St-29,25x50,
854,A-Exe-II,15,AE2-St-29,25x50,
855,A-Exe-II,17,AE2-St-29,25x50,
856,A-Exe-II,19,AE2-St-29,25x50,
857,A-Exe-II,21,AE2-St-29,25x50,
858,A-Exe-II,23,AE2-St-29,25x50,
859,A-Exe-II,25,AE2-St-29,25x50,
860,A-Exe-II,27,AE2-St-29,25x50,
861,A-Exe-II,29,AE2-St-29,25x50,
862,A-Exe-II,31,AE2-St-29,25x50,
863,A-Exe-II,33,AE2-St-29,25x50,
864,A-Exe-II,35,AE2-St-29,25x50,Corner
865,A-Exe-II,2,AE2-St-29,30x60,Corner
866,A-Exe-II,4,AE2-St-29,30x60,
867,A-Exe-II,6,AE2-St-29,30x60,
868,A-Exe-II,8,AE2-St-29,30x60,
869,A-Exe-II,10,AE2-St-29,30x60,
870,A-Exe-II,12,AE2-St-29,30x60,
871,A-Exe-II,14,AE2-St-29,30x60,
872,A-Exe-II,16,AE2-St-29,30x60,
873,A-Exe-II,18,AE2-St-29,30x60,
874,A-Exe-II,20,AE2-St-29,30x60,
875,A-Exe-II,22,AE2-St-29,30x60,
876,A-Exe-II,24,AE2-St-29,30x60,
877,A-Exe-II,26,AE2-St-29,30x60,
878,A-Exe-II,28,AE2-St-29,30x60,
879,A-Exe-II,30,AE2-St-29,30x60,Corner
880,A-Exe-II,2,AE2-St-30,35x70,Corner
881,A-Exe-II,4,AE2-St-30,35x70,
882,A-Exe-II,6,AE2-St-30,35x70,
883,A-Exe-II,8,AE2-St-30,35x70,
884,A-Exe-II,10,AE2-St-30,35x70,
885,A-Exe-II,12,AE2-St-30,35x70,
886,A-Exe-II,14,AE2-St-30,35x70,
887,A-Exe-II,16,AE2-St-30,35x70,
888,A-Exe-II,18,AE2-St-30,35x70,
889,A-Exe-II,20,AE2-St-30,35x70,
890,A-Exe-II,22,AE2-St-30,35x70,
891,A-Exe-II,24,AE2-St-30,35x70,
892,A-Exe-II,26,AE2-St-30,35x70,
893,A-Exe-II,1,AE2-St-32,35x70,Corner
894,A-Exe-II,3,AE2-St-32,35x70,
895,A-Exe-II,5,AE2-St-32,35x70,
896,A-Exe-II,7,AE2-St-32,35x70,
897,A-Exe-II,9,AE2-St-32,35x70,
898,A-Exe-II,11,AE2-St-32,35x70,
899,A-Exe-II,13,AE2-St-32,35x70,
900,A-Exe-II,15,AE2-St-32,35x70,
901,A-Exe-II,17,AE2-St-32,35x70,
902,A-Exe-II,19,AE2-St-32,35x70,
903,A-Exe-II,21,AE2-St-32,35x70,
904,A-Exe-II,23,AE2-St-32,35x70,
905,A-Exe-II,25,AE2-St-32,35x70,
906,A-Exe-II,27,AE2-St-32,35x70,
907,A-Exe-II,37,AE2-St-32,35x70,
908,A-Exe-II,39,AE2-St-32,35x70,
909,A-Exe-II,41,AE2-St-32,35x70,
910,A-Exe-II,43,AE2-St-32,35x70,
911,A-Exe-II,45,AE2-St-32,35x70,
912,A-Exe-II,47,AE2-St-32,35x70,
913,A-Exe-II,49,AE2-St-32,35x70,
914,A-Exe-II,51,AE2-St-32,35x70,
915,A-Exe-II,53,AE2-St-32,35x70,
916,A-Exe-II,55,AE2-St-32,35x70,
917,A-Exe-II,57,AE2-St-32,35x70,
918,A-Exe-II,59,AE2-St-32,35x70,Corner
919,A-Exe-II,61,AE2-St-32,35x70,Corner
920,A-Exe-II,63,AE2-St-32,35x70,
921,A-Exe-II,65,AE2-St-32,35x70,
922,A-Exe-II,67,AE2-St-32,35x70,
923,A-Exe-II,69,AE2-St-32,35x70,
924,A-Exe-II,71,AE2-St-32,35x70,
925,A-Exe-II,73,AE2-St-32,35x70,
926,A-Exe-II,75,AE2-St-32,35x70,
927,A-Exe-II,77,AE2-St-32,35x70,
928,A-Exe-II,79,AE2-St-32,35x70,
929,A-Exe-II,81,AE2-St-32,35x70,
930,A-Exe-II,83,AE2-St-32,35x70,
931,A-Exe-II,85,AE2-St-32,35x70,Corner
932,A-Exe-II,87,AE2-St-32,35x70,Corner
933,A-Exe-II,89,AE2-St-32,35x70,
934,A-Exe-II,91,AE2-St-32,35x70,
935,A-Exe-II,93,AE2-St-32,35x70,
936,A-Exe-II,95,AE2-St-32,35x70,
937,A-Exe-II,97,AE2-St-32,35x70,
938,A-Exe-II,99,AE2-St-32,35x70,
939,A-Exe-II,101,AE2-St-32,35x70,
940,A-Exe-II,103,AE2-St-32,35x70,
941,A-Exe-II,105,AE2-St-32,35x70,
942,A-Exe-II,107,AE2-St-32,35x70,
943,A-Exe-II,109,AE2-St-32,35x70,
944,A-Exe-II,111,AE2-St-32,35x70,Corner
945,A-Exe-II,113,AE2-St-32,35x70,Corner
946,A-Exe-II,115,AE2-St-32,35x70,
947,A-Exe-II,117,AE2-St-32,35x70,
948,A-Exe-II,119,AE2-St-32,35x70,
949,A-Exe-II,121,AE2-St-32,35x70,
950,A-Exe-II,123,AE2-St-32,35x70,
951,A-Exe-II,125,AE2-St-32,35x70,
952,A-Exe-II,127,AE2-St-32,35x70,
953,A-Exe-II,129,AE2-St-32,35x70,
954,A-Exe-II,131,AE2-St-32,35x70,
955,A-Exe-II,133,AE2-St-32,35x70,
956,A-Exe-II,135,AE2-St-32,35x70,
957,A-Exe-II,137,AE2-St-32,35x70,
958,A-Exe-II,139,AE2-St-32,35x70,Corner
959,A-Exe-II,149,AE2-St-32,50x90,
960,A-Exe-II,151,AE2-St-32,50x90,
961,A-Exe-II,153,AE2-St-32,50x90,
962,A-Exe-II,155,AE2-St-32,50x90,
963,A-Exe-II,157,AE2-St-32,50x90,
964,A-Exe-II,159,AE2-St-32,50x90,
965,A-Exe-II,161,AE2-St-32,50x90,
966,A-Exe-II,163,AE2-St-32,50x90,
967,A-Exe-II,165,AE2-St-32,50x90,
968,A-Exe-II,167,AE2-St-32,50x90,Corner
969,A-Exe-II,33,AE2-St-9A,35x70,Corner
970,A-Exe-II,31,AE2-St-9A,35x70,
971,A-Exe-II,2,AE2-St-33,35x70,Corner
972,A-Exe-II,4,AE2-St-33,35x70,
973,A-Exe-II,6,AE2-St-33,35x70,
974,A-Exe-II,8,AE2-St-33,35x70,
975,A-Exe-II,10,AE2-St-33,35x70,
976,A-Exe-II,12,AE2-St-33,35x70,
977,A-Exe-II,14,AE2-St-33,35x70,
978,A-Exe-II,16,AE2-St-33,35x70,
979,A-Exe-II,18,AE2-St-33,35x70,
980,A-Exe-II,20,AE2-St-33,35x70,
981,A-Exe-II,22,AE2-St-33,35x70,
982,A-Exe-II,24,AE2-St-33,35x70,
983,A-Exe-II,26,AE2-St-33,35x70,
984,A-Exe-II,28,AE2-St-33,35x70,
985,A-Exe-II,30,AE2-St-33,35x70,
986,A-Exe-II,32,AE2-St-33,35x70,
987,A-Exe-II,34,AE2-St-33,35x70,
988,A-Exe-II,36,AE2-St-33,35x70,Corner
989,A-Exe-II,2,AE2-St-36,35x70,Corner
990,A-Exe-II,4,AE2-St-36,35x70,
991,A-Exe-II,6,AE2-St-36,35x70,
992,A-Exe-II,8,AE2-St-36,35x70,
993,A-Exe-II,10,AE2-St-36,35x70,
994,A-Exe-II,12,AE2-St-36,35x70,
995,A-Exe-II,14,AE2-St-36,35x70,
996,A-Exe-II,16,AE2-St-36,35x70,
997,A-Exe-II,18,AE2-St-36,35x70,
998,A-Exe-II,20,AE2-St-36,35x70,
999,A-Exe-II,22,AE2-St-36,35x70,
1000,A-Exe-II,24,AE2-St-36,35x70,
1001,A-Exe-II,26,AE2-St-36,35x70,Corner
1002,A-Exe-II,28,AE2-St-36,35x70,Corner
1003,A-Exe-II,30,AE2-St-36,35x70,Park Face
1004,A-Exe-II,32,AE2-St-36,35x70,Park Face
1005,A-Exe-II,34,AE2-St-36,35x70,Park Face
1006,A-Exe-II,36,AE2-St-36,35x70,Park Face
1007,A-Exe-II,38,AE2-St-36,35x70,Park Face
1008,A-Exe-II,40,AE2-St-36,35x70,Park Face
1009,A-Exe-II,42,AE2-St-36,35x70,
1010,A-Exe-II,44,AE2-St-36,35x70,
1011,A-Exe-II,46,AE2-St-36,35x70,
1012,A-Exe-II,48,AE2-St-36,35x70,
1013,A-Exe-II,50,AE2-St-36,35x70,
1014,A-Exe-II,52,AE2-St-36,35x70,Corner
1015,A-Exe-II,54,AE2-St-36,35x70,Corner
1016,A-Exe-II,56,AE2-St-36,35x70,
1017,A-Exe-II,58,AE2-St-36,35x70,
1018,A-Exe-II,60,AE2-St-36,35x70,
1019,A-Exe-II,62,AE2-St-36,35x70,
1020,A-Exe-II,64,AE2-St-36,35x70,
1021,A-Exe-II,66,AE2-St-36,35x70,
1022,A-Exe-II,68,AE2-St-36,35x70,
1023,A-Exe-II,70,AE2-St-36,35x70,
1024,A-Exe-II,72,AE2-St-36,35x70,
1025,A-Exe-II,74,AE2-St-36,35x70,
1026,A-Exe-II,76,AE2-St-36,35x70,
1027,A-Exe-II,78,AE2-St-36,35x70,
1028,A-Exe-II,80,AE2-St-36,35x70,Corner
1029,A-Exe-II,1,AE2-St-36,30x60,Corner
1030,A-Exe-II,3,AE2-St-36,30x60,
1031,A-Exe-II,5,AE2-St-36,30x60,
1032,A-Exe-II,7,AE2-St-36,30x60,
1033,A-Exe-II,9,AE2-St-36,30x60,
1034,A-Exe-II,11,AE2-St-36,30x60,
1035,A-Exe-II,13,AE2-St-36,30x60,
1036,A-Exe-II,15,AE2-St-36,30x60,
1037,A-Exe-II,17,AE2-St-36,30x60,
1038,A-Exe-II,19,AE2-St-36,30x60,
1039,A-Exe-II,21,AE2-St-36,30x60,
1040,A-Exe-II,23,AE2-St-36,30x60,
1041,A-Exe-II,25,AE2-St-36,30x60,
1042,A-Exe-II,27,AE2-St-36,30x60,
1043,A-Exe-II,29,AE2-St-36,30x60,
1044,A-Exe-II,31,AE2-St-36,30x60,
1045,A-Exe-II,33,AE2-St-36,30x60,
1046,A-Exe-II,35,AE2-St-36,30x60,
1047,A-Exe-II,37,AE2-St-36,30x60,
1048,A-Exe-II,39,AE2-St-36,30x60,
1049,A-Exe-II,41,AE2-St-36,30x60,
1050,A-Exe-II,43,AE2-St-36,30x60,
1051,A-Exe-II,45,AE2-St-36,30x60,
1052,A-Exe-II,47,AE2-St-36,30x60,
1053,A-Exe-II,49,AE2-St-36,30x60,
1054,A-Exe-II,51,AE2-St-36,30x60,
1055,A-Exe-II,53,AE2-St-36,30x60,
1056,A-Exe-II,55,AE2-St-36,30x60,
1057,A-Exe-II,57,AE2-St-36,30x60,
1058,A-Exe-II,59,AE2-St-36,30x60,
1059,A-Exe-II,61,AE2-St-36,30x60,
1060,A-Exe-II,63,AE2-St-36,30x60,
1061,A-Exe-II,65,AE2-St-36,30x60,
1062,A-Exe-II,67,AE2-St-36,30x60,
1063,A-Exe-II,69,AE2-St-36,30x60,
1064,A-Exe-II,71,AE2-St-36,30x60,Corner
1065,A-Exe-II,2,AE2-St-37,30x60,
1066,A-Exe-II,4,AE2-St-37,30x60,
1067,A-Exe-II,6,AE2-St-37,30x60,
1068,A-Exe-II,8,AE2-St-37,30x60,
1069,A-Exe-II,10,AE2-St-37,30x60,
1070,A-Exe-II,12,AE2-St-37,30x60,
1071,A-Exe-II,14,AE2-St-37,30x60,
1072,A-Exe-II,16,AE2-St-37,30x60,
1073,A-Exe-II,18,AE2-St-37,30x60,
1074,A-Exe-II,20,AE2-St-37,30x60,
1075,A-Exe-II,22,AE2-St-37,30x60,
1076,A-Exe-II,24,AE2-St-37,30x60,
1077,A-Exe-II,26,AE2-St-37,30x60,
1078,A-Exe-II,28,AE2-St-37,30x60,
1079,A-Exe-II,30,AE2-St-37,30x60,
1080,A-Exe-II,32,AE2-St-37,30x60,
1081,A-Exe-II,34,AE2-St-37,30x60,
1082,A-Exe-II,36,AE2-St-37,30x60,
1083,A-Exe-II,1,AE2-St-37,30x60,Corner
1084,A-Exe-II,3,AE2-St-37,30x60,
1085,A-Exe-II,5,AE2-St-37,30x60,
1086,A-Exe-II,7,AE2-St-37,30x60,
1087,A-Exe-II,9,AE2-St-37,30x60,
1088,A-Exe-II,11,AE2-St-37,30x60,
1089,A-Exe-II,13,AE2-St-37,30x60,
1090,A-Exe-II,15,AE2-St-37,30x60,
1091,A-Exe-II,17,AE2-St-37,30x60,
1092,A-Exe-II,19,AE2-St-37,30x60,
1093,A-Exe-II,21,AE2-St-37,30x60,
1094,A-Exe-II,23,AE2-St-37,30x60,
1095,A-Exe-II,25,AE2-St-37,30x60,
1096,A-Exe-II,27,AE2-St-37,30x60,
1097,A-Exe-II,29,AE2-St-37,30x60,
1098,A-Exe-II,31,AE2-St-37,30x60,
1099,A-Exe-II,33,AE2-St-37,30x60,
1100,A-Exe-II,35,AE2-St-37,30x60,
1101,A-Exe-II,2,AE2-St-38,30x60,
1102,A-Exe-II,4,AE2-St-38,30x60,
1103,A-Exe-II,6,AE2-St-38,30x60,
1104,A-Exe-II,8,AE2-St-38,30x60,
1105,A-Exe-II,10,AE2-St-38,30x60,
1106,A-Exe-II,12,AE2-St-38,30x60,
1107,A-Exe-II,14,AE2-St-38,30x60,
1108,A-Exe-II,16,AE2-St-38,30x60,
1109,A-Exe-II,18,AE2-St-38,30x60,
1110,A-Exe-II,20,AE2-St-38,30x60,
1111,A-Exe-II,22,AE2-St-38,30x60,
1112,A-Exe-II,24,AE2-St-38,30x60,
1113,A-Exe-II,26,AE2-St-38,30x60,
1114,A-Exe-II,28,AE2-St-38,30x60,
1115,A-Exe-II,30,AE2-St-38,30x60,
1116,A-Exe-II,32,AE2-St-38,30x60,
1117,A-Exe-II,34,AE2-St-38,30x60,
1118,A-Exe-II,36,AE2-St-38,30x60,Corner
1119,A-Exe-II,1,AE2-St-38,30x60,
1120,A-Exe-II,3,AE2-St-38,30x60,
1121,A-Exe-II,5,AE2-St-38,30x60,
1122,A-Exe-II,7,AE2-St-38,30x60,
1123,A-Exe-II,9,AE2-St-38,30x60,
1124,A-Exe-II,11,AE2-St-38,30x60,
1125,A-Exe-II,13,AE2-St-38,30x60,
1126,A-Exe-II,15,AE2-St-38,30x60,
1127,A-Exe-II,17,AE2-St-38,30x60,
1128,A-Exe-II,19,AE2-St-38,30x60,
1129,A-Exe-II,21,AE2-St-38,30x60,
1130,A-Exe-II,23,AE2-St-38,30x60,
1131,A-Exe-II,25,AE2-St-38,30x60,
1132,A-Exe-II,27,AE2-St-38,30x60,
1133,A-Exe-II,29,AE2-St-38,30x60,
1134,A-Exe-II,31,AE2-St-38,30x60,
1135,A-Exe-II,33,AE2-St-38,30x60,
1136,A-Exe-II,35,AE2-St-38,30x60,Corner
1137,A-Exe-II,2,AE2-St-39,30x60,Corner
1138,A-Exe-II,4,AE2-St-39,30x60,
1139,A-Exe-II,6,AE2-St-39,30x60,
1140,A-Exe-II,8,AE2-St-39,30x60,
1141,A-Exe-II,10,AE2-St-39,30x60,
1142,A-Exe-II,12,AE2-St-39,30x60,
1143,A-Exe-II,14,AE2-St-39,30x60,
1144,A-Exe-II,16,AE2-St-39,30x60,
1145,A-Exe-II,18,AE2-St-39,30x60,
1146,A-Exe-II,20,AE2-St-39,30x60,
1147,A-Exe-II,22,AE2-St-39,30x60,
1148,A-Exe-II,24,AE2-St-39,30x60,
1149,A-Exe-II,26,AE2-St-39,30x60,
1150,A-Exe-II,28,AE2-St-39,30x60,
1151,A-Exe-II,30,AE2-St-39,30x60,
1152,A-Exe-II,32,AE2-St-39,30x60,
1153,A-Exe-II,34,AE2-St-39,30x60,
1154,A-Exe-II,36,AE2-St-39,30x60,
1155,A-Exe-II,38,AE2-St-39,30x60,
1156,A-Exe-II,40,AE2-St-39,30x60,
1157,A-Exe-II,42,AE2-St-39,30x60,
1158,A-Exe-II,44,AE2-St-39,30x60,
1159,A-Exe-II,46,AE2-St-39,30x60,
1160,A-Exe-II,48,AE2-St-39,30x60,
1161,A-Exe-II,50,AE2-St-39,30x60,
1162,A-Exe-II,52,AE2-St-39,30x60,
1163,A-Exe-II,54,AE2-St-39,30x60,
1164,A-Exe-II,56,AE2-St-39,30x60,
1165,A-Exe-II,1,AE2-St-39,35x70,Corner
1166,A-Exe-II,3,AE2-St-39,35x70,
1167,A-Exe-II,5,AE2-St-39,35x70,
1168,A-Exe-II,7,AE2-St-39,35x70,
1169,A-Exe-II,9,AE2-St-39,35x70,
1170,A-Exe-II,11,AE2-St-39,35x70,
1171,A-Exe-II,13,AE2-St-39,35x70,
1172,A-Exe-II,15,AE2-St-39,35x70,
1173,A-Exe-II,17,AE2-St-39,35x70,
1174,A-Exe-II,19,AE2-St-39,35x70,
1175,A-Exe-II,21,AE2-St-39,35x70,
1176,A-Exe-II,23,AE2-St-39,35x70,
1177,A-Exe-II,25,AE2-St-39,35x70,
1178,A-Exe-II,27,AE2-St-39,35x70,
1179,A-Exe-II,29,AE2-St-39,35x70,
1180,A-Exe-II,31,AE2-St-39,35x70,Park Face
1181,A-Exe-II,33,AE2-St-39,35x70,Park Face
1182,A-Exe-II,35,AE2-St-39,35x70,Park Face Corner
1183,A-Exe-II,37,AE2-St-39,35x70,Park Face Corner
1184,A-Exe-II,39,AE2-St-39,35x70,Park Face
1185,A-Exe-II,41,AE2-St-39,35x70,
1186,A-Exe-II,43,AE2-St-39,35x70,
1187,A-Exe-II,45,AE2-St-39,35x70,
1188,A-Exe-II,47,AE2-St-39,35x70,
1189,A-Exe-II,49,AE2-St-39,35x70,
1190,A-Exe-II,51,AE2-St-39,35x70,
1191,A-Exe-II,53,AE2-St-39,35x70,
1192,A-Exe-II,55,AE2-St-39,35x70,
1193,A-Exe-II,57,AE2-St-39,35x70,
1194,A-Exe-II,59,AE2-St-39,35x70,
1195,A-Exe-II,61,AE2-St-39,35x70,
1196,A-Exe-II,63,AE2-St-39,35x70,
1197,A-Exe-II,65,AE2-St-39,35x70,
1198,A-Exe-II,67,AE2-St-39,35x70,
1199,A-Exe-II,69,AE2-St-39,35x70,Corner
1200,A-Exe-II,2,AE2-St-41,35x70,
1201,A-Exe-II,4,AE2-St-41,35x70,
1202,A-Exe-II,6,AE2-St-41,35x70,
1203,A-Exe-II,8,AE2-St-41,35x70,
1204,A-Exe-II,10,AE2-St-41,35x70,
1205,A-Exe-II,12,AE2-St-41,35x70,
1206,A-Exe-II,14,AE2-St-41,35x70,
1207,A-Exe-II,16,AE2-St-41,35x70,
1208,A-Exe-II,18,AE2-St-41,35x70,
1209,A-Exe-II,20,AE2-St-41,35x70,
1210,A-Exe-II,22,AE2-St-41,35x70,
1211,A-Exe-II,24,AE2-St-41,35x70,
1212,A-Exe-II,26,AE2-St-41,35x70,
1213,A-Exe-II,28,AE2-St-41,35x70,
1214,A-Exe-II,30,AE2-St-41,35x70,
1215,A-Exe-II,32,AE2-St-41,35x70,
1216,A-Exe-II,34,AE2-St-41,35x70,
1217,A-Exe-II,36,AE2-St-41,35x70,Corner
1218,A-Exe-II,38,AE2-St-41,35x70,Corner
1219,A-Exe-II,40,AE2-St-41,35x70,
1220,A-Exe-II,42,AE2-St-41,35x70,
1221,A-Exe-II,44,AE2-St-41,35x70,
1222,A-Exe-II,46,AE2-St-41,35x70,
1223,A-Exe-II,48,AE2-St-41,35x70,
1224,A-Exe-II,50,AE2-St-41,35x70,
1225,A-Exe-II,52,AE2-St-41,35x70,
1226,A-Exe-II,54,AE2-St-41,35x70,
1227,A-Exe-II,56,AE2-St-41,35x70,
1228,A-Exe-II,58,AE2-St-41,35x70,
1229,A-Exe-II,60,AE2-St-41,35x70,
1230,A-Exe-II,62,AE2-St-41,35x70,
1231,A-Exe-II,64,AE2-St-41,35x70,
1232,A-Exe-II,66,AE2-St-41,35x70,
1233,A-Exe-II,68,AE2-St-41,35x70,
1234,A-Exe-II,70,AE2-St-41,35x70,Corner
1235,A-Exe-II,1,AE2-St-42,35x70,Corner
1236,A-Exe-II,3,AE2-St-42,35x70,
1237,A-Exe-II,5,AE2-St-42,35x70,
1238,A-Exe-II,7,AE2-St-42,35x70,
1239,A-Exe-II,9,AE2-St-42,35x70,
1240,A-Exe-II,11,AE2-St-42,35x70,
1241,A-Exe-II,13,AE2-St-42,35x70,
1242,A-Exe-II,15,AE2-St-42,35x70,
1243,A-Exe-II,17,AE2-St-42,35x70,
1244,A-Exe-II,19,AE2-St-42,35x70,
1245,A-Exe-II,21,AE2-St-42,35x70,
1246,A-Exe-II,23,AE2-St-42,35x70,
1247,A-Exe-II,25,AE2-St-42,35x70,Corner
1248,A-Exe-II,30,AE2-St-43,35x70,Corner
1249,A-Exe-II,32,AE2-St-43,35x70,
1250,A-Exe-II,34,AE2-St-43,35x70,
1251,A-Exe-II,36,AE2-St-43,35x70,
1252,A-Exe-II,38,AE2-St-43,35x70,
1253,A-Exe-II,40,AE2-St-43,35x70,
1254,A-Exe-II,42,AE2-St-43,35x70,
1255,A-Exe-II,44,AE2-St-43,35x70,
1256,A-Exe-II,46,AE2-St-43,35x70,
1257,A-Exe-II,48,AE2-St-43,35x70,
1258,A-Exe-II,50,AE2-St-43,35x70,
1259,A-Exe-II,52,AE2-St-43,35x70,
1260,A-Exe-II,54,AE2-St-43,35x70,Corner
1261,A-Exe-II,1,AE2-St-47,50x90,Corner
1262,A-Exe-II,3,AE2-St-47,50x90,
1263,A-Exe-II,5,AE2-St-47,50x90,
1264,A-Exe-II,7,AE2-St-47,50x90,
1265,A-Exe-II,9,AE2-St-47,50x90,
1266,A-Exe-II,11,AE2-St-47,50x90,
1267,A-Exe-II,13,AE2-St-47,50x90,
1268,A-Exe-II,15,AE2-St-47,50x90,
1269,A-Exe-II,17,AE2-St-47,50x90,
1270,A-Exe-II,19,AE2-St-47,50x90,
1271,A-Exe-II,21,AE2-St-47,50x90,
1272,A-Exe-II,23,AE2-St-47,50x90,
1273,A-Exe-II,25,AE2-St-47,50x90,
1274,A-Exe-II,27,AE2-St-47,50x90,
1275,A-Exe-II,29,AE2-St-47,50x90,
1276,A-Exe-II,31,AE2-St-47,50x90,
1277,A-Exe-II,33,AE2-St-47,50x90,Corner
1278,A-Exe-II,1,AE2-St-48,50x90,
1279,A-Exe-II,3,AE2-St-48,50x90,
1280,A-Exe-II,4,AE2-St-48,50x90,
1281,A-Exe-II,6,AE2-St-48,50x90,
1282,A-Exe-II,8,AE2-St-48,50x90,
1283,A-Exe-II,2,AE2-St-50,50x90,Corner
1284,A-Exe-II,4,AE2-St-50,50x90,
1285,A-Exe-II,6,AE2-St-50,50x90,
1286,A-Exe-II,8,AE2-St-50,50x90,
1287,A-Exe-II,10,AE2-St-50,50x90,
1288,A-Exe-II,12,AE2-St-50,50x90,
1289,A-Exe-II,14,AE2-St-50,50x90,
1290,A-Exe-II,16,AE2-St-50,50x90,
1291,A-Exe-II,18,AE2-St-50,50x90,
1292,A-Exe-II,20,AE2-St-50,50x90,
1293,A-Exe-II,22,AE2-St-50,50x90,
1294,A-Exe-II,24,AE2-St-50,50x90,
1295,A-Exe-II,26,AE2-St-50,50x90,
1296,A-Exe-II,28,AE2-St-50,50x90,
1297,A-Exe-II,30,AE2-St-50,50x90,
1298,A-Exe-II,32,AE2-St-50,50x90,
1299,A-Exe-II,34,AE2-St-50,50x90,
1300,A-Exe-II,36,AE2-St-50,50x90,Corner
1301,F - Exe I,9,St - FE-28,50x90,
1302,F - Exe I,11,St - FE-28,50x90,
1303,F - Exe I,13,St - FE-28,50x90,
1304,F - Exe I,15,St - FE-28,50x90,
1305,F - Exe I,17,St - FE-28,50x90,
1306,F - Exe I,19,St - FE-28,50x90,
1307,F - Exe I,25,St - FE-28,50x90,
1308,F - Exe I,27,St - FE-28,50x90,
1309,F - Exe I,29,St - FE-28,50x90,
1310,F - Exe I,31,St - FE-28,50x90,
1311,F - Exe I,33,St - FE-28,50x90,
1312,F - Exe I,55,St - FE-28,50x90,
1313,F - Exe I,57,St - FE-28,50x90,
1314,F - Exe I,59,St - FE-28,50x90,
1315,F - Exe I,61,St - FE-28,50x90,
1316,F - Exe I,63,St - FE-28,50x90,
1317,F - Exe I,65,St - FE-28,50x90,
1318,F - Exe I,67,St - FE-28,50x90,
1319,F - Exe I,69,St - FE-28,50x90,
1320,F - Exe I,71,St - FE-28,50x90,
1321,F - Exe I,73,St - FE-28,50x90,
1322,F - Exe I,75,St - FE-28,50x90,
1323,F - Exe I,77,St - FE-28,50x90,Corner
1324,F - Exe I,1,St - FE-59,50x90,Corner
1325,F - Exe I,3,St - FE-59,50x90,
1326,F - Exe I,5,St - FE-59,50x90,
1327,F - Exe I,7,St - FE-59,50x90,
1328,F - Exe I,9,St - FE-59,50x90,
1329,F - Exe I,11,St - FE-59,50x90,
1330,F - Exe I,13,St - FE-59,50x90,
1331,F - Exe I,15,St - FE-59,50x90,
1332,F - Exe I,17,St - FE-59,50x90,
1333,F - Exe I,19,St - FE-59,50x90,
1334,F - Exe I,21,St - FE-59,50x90,
1335,F - Exe I,23,St - FE-59,50x90,
1336,F - Exe I,25,St - FE-59,50x90,
1337,F - Exe I,27,St - FE-59,50x90,
1338,F - Exe I,29,St - FE-59,50x90,
1339,F - Exe I,31,St - FE-59,50x90,
1340,F - Exe I,33,St - FE-59,50x90,
1341,F - Exe I,35,St - FE-59,50x90,Corner
1342,F - Exe I,2,St - FE-64,50x90,Corner
1343,F - Exe I,4,St - FE-64,50x90,
1344,F - Exe I,6,St - FE-64,50x90,
1345,F - Exe I,8,St - FE-64,50x90,
1346,F - Exe I,10,St - FE-64,50x90,
1347,F - Exe I,12,St - FE-64,50x90,
1348,F - Exe I,14,St - FE-64,50x90,
1349,F - Exe I,16,St - FE-64,50x90,
1350,F - Exe I,18,St - FE-64,50x90,
1351,F - Exe I,20,St - FE-64,50x90,
1352,F - Exe I,22,St - FE-64,50x90,
1353,F - Exe I,24,St - FE-64,50x90,
1354,F - Exe I,26,St - FE-64,50x90,
1355,F - Exe I,28,St - FE-64,50x90,
1356,F - Exe I,30,St - FE-64,50x90,
1357,F - Exe I,32,St - FE-64,50x90,
1358,F - Exe I,34,St - FE-64,50x90,
1359,F - Exe I,36,St - FE-64,50x90,
1360,F - Exe I,38,St - FE-64,50x90,
1361,F - Exe I,40,St - FE-64,50x90,
1362,F - Exe I,42,St - FE-64,50x90,
1363,F - Exe I,44,St - FE-64,50x90,
1364,F - Exe I,46,St - FE-64,50x90,
1365,F - Exe I,48,St - FE-64,50x90,
1366,F - Exe I,50,St - FE-64,50x90,Corner
1367,F - Exe I,1,St - FE-64,50x90,Corner
1368,F - Exe I,3,St - FE-64,50x90,
1369,F - Exe I,5,St - FE-64,50x90,
1370,F - Exe I,7,St - FE-64,50x90,
1371,F - Exe I,9,St - FE-64,50x90,
1372,F - Exe I,11,St - FE-64,50x90,
1373,F - Exe I,13,St - FE-64,50x90,
1374,F - Exe I,15,St - FE-64,50x90,
1375,F - Exe I,17,St - FE-64,50x90,
1376,F - Exe I,19,St - FE-64,50x90,
1377,F - Exe I,21,St - FE-64,50x90,
1378,F - Exe I,23,St - FE-64,50x90,
1379,F - Exe I,25,St - FE-64,50x90,
1380,F - Exe I,27,St - FE-64,50x90,
1381,F - Exe I,29,St - FE-64,50x90,
1382,F - Exe I,31,St - FE-64,50x90,
1383,F - Exe I,33,St - FE-64,50x90,
1384,F - Exe I,35,St - FE-64,50x90,
1385,F - Exe I,37,St - FE-64,50x90,
1386,F - Exe I,39,St - FE-64,50x90,
1387,F - Exe I,41,St - FE-64,50x90,
1388,F - Exe I,43,St - FE-64,50x90,
1389,F - Exe I,45,St - FE-64,50x90,
1390,F - Exe I,47,St - FE-64,50x90,
1391,F - Exe I,49,St - FE-64,50x90,Corner
1392,F - Exe I,5,St - FE-65,50x90,
1393,F - Exe I,7,St - FE-65,50x90,
1394,F - Exe I,9,St - FE-65,50x90,
1395,F - Exe I,11,St - FE-65,50x90,
1396,F - Exe I,13,St - FE-65,50x90,
1397,F - Exe I,15,St - FE-65,50x90,Corner
1398,F - Exe I,4,St - FE-66,50x90,
1399,F - Exe I,6,St - FE-66,50x90,
1400,F - Exe I,8,St - FE-66,50x90,
1401,F - Exe I,10,St - FE-66,50x90,
1402,F - Exe I,12,St - FE-66,50x90,
1403,F - Exe I,14,St - FE-66,50x90,
1404,F - Exe I,3,St - FE-66,50x90,
1405,F - Exe I,5,St - FE-66,50x90,
1406,F - Exe I,7,St - FE-66,50x90,
1407,F - Exe I,9,St - FE-66,50x90,
1408,F - Exe I,11,St - FE-66,50x90,
1409,F - Exe I,13,St - FE-66,50x90,
1410,F - Exe I,15,St - FE-66,50x90,Corner
1411,F - Exe I,4,St - FE-67,50x90,
1412,F - Exe I,6,St - FE-67,50x90,
1413,F - Exe I,8,St - FE-67,50x90,
1414,F - Exe I,10,St - FE-67,50x90,
1415,F - Exe I,12,St - FE-67,50x90,
1416,F - Exe I,14,St - FE-67,50x90,
1417,F - Exe I,16,St - FE-67,50x90,Corner
1418,F - Exe I,1,St - FE-68,50x90,Corner
1419,F - Exe I,3,St - FE-68,50x90,
1420,F - Exe I,5,St - FE-68,50x90,
1421,F - Exe I,7,St - FE-68,50x90,
1422,F - Exe I,9,St - FE-68,50x90,
1423,F - Exe I,11,St - FE-68,50x90,
1424,F - Exe I,13,St - FE-68,50x90,
1425,F - Exe I,15,St - FE-68,50x90,
1426,F - Exe I,17,St - FE-68,50x90,
1427,F - Exe I,19,St - FE-68,50x90,
1428,F - Exe I,21,St - FE-68,50x90,
1429,F - Exe I,23,St - FE-68,50x90,
1430,F - Exe I,25,St - FE-68,50x90,
1431,F - Exe I,35,St - FE-68,50x90,
1432,F - Exe I,37,St - FE-68,50x90,
1433,F - Exe I,39,St - FE-68,50x90,Corner
1434,F - Exe I,41,St - FE-68,50x90,Corner
1435,F - Exe I,43,St - FE-68,50x90,
1436,F - Exe I,45,St - FE-68,50x90,
1437,F - Exe I,47,St - FE-68,50x90,
1438,F - Exe I,49,St - FE-68,50x90,
1439,F - Exe I,51,St - FE-68,50x90,
1440,F - Exe I,53,St - FE-68,50x90,
1441,F - Exe I,55,St - FE-68,50x90,
1442,F - Exe I,57,St - FE-68,50x90,
1443,F - Exe I,59,St - FE-68,50x90,
1444,F - Exe I,61,St - FE-68,50x90,
1445,F - Exe I,63,St - FE-68,50x90,
1446,F - Exe I,65,St - FE-68,50x90,
1447,F - Exe I,67,St - FE-68,50x90,
1448,F - Exe I,69,St - FE-68,50x90,Corner
1449,F - Exe I,6,St - FE-68,50x90,
1450,F - Exe I,8,St - FE-68,50x90,
1451,F - Exe I,10,St - FE-68,50x90,
1452,F - Exe I,12,St - FE-68,50x90,
1453,F - Exe I,14,St - FE-68,50x90,
1454,F - Exe I,16,St - FE-68,50x90,
1455,F - Exe I,18,St - FE-68,50x90,
1456,F - Exe I,20,St - FE-68,50x90,
1457,F - Exe I,22,St - FE-68,50x90,
1458,F - Exe I,24,St - FE-68,50x90,
1459,F - Exe I,26,St - FE-68,50x90,
1460,F - Exe I,28,St - FE-68,50x90,
1461,F - Exe I,30,St - FE-68,50x90,
1462,F - Exe I,32,St - FE-68,50x90,
1463,F - Exe I,34,St - FE-68,50x90,
1464,F - Exe I,36,St - FE-68,50x90,
1465,F - Exe I,38,St - FE-68,50x90,
1466,F - Exe I,40,St - FE-68,50x90,
1467,F - Exe I,42,St - FE-68,50x90,
1468,F - Exe I,44,St - FE-68,50x90,
1469,F - Exe I,46,St - FE-68,50x90,
1470,F - Exe I,48,St - FE-68,50x90,
1471,F - Exe I,50,St - FE-68,50x90,
1472,F - Exe I,52,St - FE-68,50x90,
1473,F - Exe I,54,St - FE-68,50x90,Corner
1474,F - Exe I,2,St - FE-70,50x90,Corner
1475,F - Exe I,4,St - FE-70,50x90,
1476,F - Exe I,6,St - FE-70,50x90,
1477,F - Exe I,8,St - FE-70,50x90,
1478,F - Exe I,10,St - FE-70,50x90,
1479,F - Exe I,12,St - FE-70,50x90,
1480,F - Exe I,14,St - FE-70,50x90,
1481,F - Exe I,16,St - FE-70,50x90,
1482,F - Exe I,18,St - FE-70,50x90,
1483,F - Exe I,20,St - FE-70,50x90,
1484,F - Exe I,22,St - FE-70,50x90,
1485,F - Exe I,24,St - FE-70,50x90,
1486,F - Exe I,26,St - FE-70,50x90,
1487,F - Exe I,28,St - FE-70,50x90,
1488,F - Exe I,30,St - FE-70,50x90,
1489,F - Exe I,32,St - FE-70,50x90,
1490,F - Exe I,34,St - FE-70,50x90,
1491,F - Exe I,36,St - FE-70,50x90,
1492,F - Exe I,38,St - FE-70,50x90,
1493,F - Exe I,40,St - FE-70,50x90,Corner
1494,F - Exe I,42,St - FE-70,50x90,Corner
1495,F - Exe I,44,St - FE-70,50x90,
1496,F - Exe I,46,St - FE-70,50x90,
1497,F - Exe I,48,St - FE-70,50x90,
1498,F - Exe I,50,St - FE-70,50x90,
1499,F - Exe I,52,St - FE-70,50x90,
1500,F - Exe I,54,St - FE-70,50x90,
1501,F - Exe I,56,St - FE-70,50x90,
1502,F - Exe I,58,St - FE-70,50x90,
1503,F - Exe I,60,St - FE-70,50x90,
1504,F - Exe I,62,St - FE-70,50x90,
1505,F - Exe I,64,St - FE-70,50x90,
1506,F - Exe I,66,St - FE-70,50x90,
1507,F - Exe I,70,St - FE-70,50x90,Corner
1508,F - Exe I,72,St - FE-70,50x90,Corner
1509,F - Exe I,74,St - FE-70,50x90,
1510,F - Exe I,76,St - FE-70,50x90,
1511,F - Exe I,78,St - FE-70,50x90,
1512,F - Exe I,80,St - FE-70,50x90,
1513,F - Exe I,82,St - FE-70,50x90,
1514,F - Exe I,84,St - FE-70,50x90,
1515,F - Exe I,86,St - FE-70,50x90,
1516,F - Exe I,88,St - FE-70,50x90,
1517,F - Exe I,90,St - FE-70,50x90,
1518,F - Exe I,92,St - FE-70,50x90,
1519,F - Exe I,94,St - FE-70,50x90,
1520,F - Exe I,96,St - FE-70,50x90,
1521,F - Exe I,98,St - FE-70,50x90,
1522,F - Exe I,100,St - FE-70,50x90,
1523,F - Exe I,102,St - FE-70,50x90,
1524,F - Exe I,104,St - FE-70,50x90,
1525,F - Exe I,106,St - FE-70,50x90,
1526,F - Exe I,108,St - FE-70,50x90,
1527,F - Exe I,110,St - FE-70,50x90,
1528,F - Exe I,112,St - FE-70,50x90,
1529,F - Exe I,116,St - FE-70,50x90,
1530,F - Exe I,118,St - FE-70,50x90,
1531,F - Exe I,120,St - FE-70,50x90,Corner
1532,F - Exe I,8,St - FE-71,50x90,
1533,F - Exe I,10,St - FE-71,50x90,
1534,F - Exe I,12,St - FE-71,50x90,
1535,F - Exe I,14,St - FE-71,50x90,
1536,F - Exe I,16,St - FE-71,50x90,
1537,F - Exe I,18,St - FE-71,50x90,
1538,F - Exe I,20,St - FE-71,50x90,
1539,F - Exe I,22,St - FE-71,50x90,
1540,F - Exe I,24,St - FE-71,50x90,
1541,F - Exe I,26,St - FE-71,50x90,
1542,F - Exe I,28,St - FE-71,50x90,
1543,F - Exe I,30,St - FE-71,50x90,
1544,F - Exe I,32,St - FE-71,50x90,
1545,F - Exe I,34,St - FE-71,50x90,
1546,F - Exe I,36,St - FE-71,50x90,
1547,F - Exe I,38,St - FE-71,50x90,
1548,F - Exe I,5,St - FE-71,50x90,
1549,F - Exe I,7,St - FE-71,50x90,
1550,F - Exe I,9,St - FE-71,50x90,
1551,F - Exe I,11,St - FE-71,50x90,
1552,F - Exe I,13,St - FE-71,50x90,
1553,F - Exe I,15,St - FE-71,50x90,
1554,F - Exe I,17,St - FE-71,50x90,
1555,F - Exe I,19,St - FE-71,50x90,
1556,F - Exe I,21,St - FE-71,50x90,
1557,F - Exe I,23,St - FE-71,50x90,
1558,F - Exe I,25,St - FE-71,50x90,
1559,F - Exe I,27,St - FE-71,50x90,
1560,F - Exe I,29,St - FE-71,50x90,
1561,F - Exe I,31,St - FE-71,50x90,
1562,F - Exe I,33,St - FE-71,50x90,
1563,F - Exe I,35,St - FE-71,50x90,
1564,F - Exe I,37,St - FE-71,50x90,
1565,F - Exe I,39,St - FE-71,50x90,
1566,F - Exe I,41,St - FE-71,50x90,
1567,F - Exe I,43,St - FE-71,50x90,Corner
1568,F - Exe I,6,St - FE-72,50x90,
1569,F - Exe I,8,St - FE-72,50x90,
1570,F - Exe I,10,St - FE-72,50x90,
1571,F - Exe I,12,St - FE-72,50x90,
1572,F - Exe I,14,St - FE-72,50x90,
1573,F - Exe I,16,St - FE-72,50x90,
1574,F - Exe I,18,St - FE-72,50x90,
1575,F - Exe I,20,St - FE-72,50x90,
1576,F - Exe I,22,St - FE-72,50x90,
1577,F - Exe I,24,St - FE-72,50x90,
1578,F - Exe I,26,St - FE-72,50x90,
1579,F - Exe I,28,St - FE-72,50x90,
1580,F - Exe I,30,St - FE-72,50x90,
1581,F - Exe I,32,St - FE-72,50x90,
1582,F - Exe I,34,St - FE-72,50x90,
1583,F - Exe I,36,St - FE-72,50x90,
1584,F - Exe I,38,St - FE-72,50x90,
1585,F - Exe I,40,St - FE-72,50x90,
1586,F - Exe I,42,St - FE-72,50x90,
1587,F - Exe II,46,St - FE-15,25x50,
1588,F - Exe II,48,St - FE-15,25x50,
1589,F - Exe II,50,St - FE-15,25x50,
1590,F - Exe II,56,St - FE-15,25x50,
1591,F - Exe II,58,St - FE-15,25x50,
1592,F - Exe II,60,St - FE-15,25x50,
1593,F - Exe II,62,St - FE-15,25x50,
1594,F - Exe II,64,St - FE-15,25x50,
1595,F - Exe II,3,St - FE-15,25x50,
1596,F - Exe II,5,St - FE-15,25x50,
1597,F - Exe II,7,St - FE-15,25x50,
1598,F - Exe II,9,St - FE-15,25x50,
1599,F - Exe II,11,St - FE-15,25x50,
1600,F - Exe II,13,St - FE-15,25x50,
1601,F - Exe II,15,St - FE-15,25x50,
1602,F - Exe II,17,St - FE-15,25x50,
1603,F - Exe II,19,St - FE-15,25x50,
1604,F - Exe II,21,St - FE-15,25x50,
1605,F - Exe II,23,St - FE-15,25x50,
1606,F - Exe II,25,St - FE-15,25x50,
1607,F - Exe II,27,St - FE-15,25x50,
1608,F - Exe II,29,St - FE-15,25x50,
1609,F - Exe II,31,St - FE-15,25x50,
1610,F - Exe II,33,St - FE-15,25x50,
1611,F - Exe II,35,St - FE-15,25x50,
1612,F - Exe II,37,St - FE-15,25x50,
1613,F - Exe II,39,St - FE-15,25x50,
1614,F - Exe II,41,St - FE-15,25x50,
1615,F - Exe II,43,St - FE-15,25x50,
1616,F - Exe II,45,St - FE-15,25x50,
1617,F - Exe II,47,St - FE-15,25x50,
1618,F - Exe II,49,St - FE-15,25x50,
1619,F - Exe II,51,St - FE-15,25x50,
1620,F - Exe II,53,St - FE-15,25x50,
1621,F - Exe II,55,St - FE-15,25x50,
1622,F - Exe II,57,St - FE-15,25x50,
1623,F - Exe II,59,St - FE-15,25x50,
1624,F - Exe II,61,St - FE-15,25x50,
1625,F - Exe II,63,St - FE-15,25x50,
1626,F - Exe II,65,St - FE-15,25x50,
1627,F - Exe II,67,St - FE-15,25x50,
1628,F - Exe II,69,St - FE-15,25x50,
1629,F - Exe II,71,St - FE-15,25x50,
1630,F - Exe II,4,St - FE-17,25x50,
1631,F - Exe II,6,St - FE-17,25x50,
1632,F - Exe II,8,St - FE-17,25x50,
1633,F - Exe II,10,St - FE-17,25x50,
1634,F - Exe II,12,St - FE-17,25x50,
1635,F - Exe II,14,St - FE-17,25x50,
1636,F - Exe II,16,St - FE-17,25x50,
1637,F - Exe II,18,St - FE-17,25x50,
1638,F - Exe II,20,St - FE-17,25x50,
1639,F - Exe II,22,St - FE-17,25x50,
1640,F - Exe II,24,St - FE-17,25x50,
1641,F - Exe II,26,St - FE-17,25x50,
1642,F - Exe II,28,St - FE-17,25x50,
1643,F - Exe II,30,St - FE-17,25x50,
1644,F - Exe II,32,St - FE-17,25x50,
1645,F - Exe II,34,St - FE-17,25x50,
1646,F - Exe II,36,St - FE-17,25x50,
1647,F - Exe II,38,St - FE-17,25x50,
1648,F - Exe II,40,St - FE-17,25x50,
1649,F - Exe II,42,St - FE-17,25x50,
1650,F - Exe II,44,St - FE-17,25x50,
1651,F - Exe II,46,St - FE-17,25x50,
1652,F - Exe II,48,St - FE-17,25x50,
1653,F - Exe II,50,St - FE-17,25x50,
1654,F - Exe II,52,St - FE-17,25x50,
1655,F - Exe II,54,St - FE-17,25x50,
1656,F - Exe II,56,St - FE-17,25x50,
1657,F - Exe II,58,St - FE-17,25x50,
1658,F - Exe II,60,St - FE-17,25x50,
1659,F - Exe II,62,St - FE-17,25x50,
1660,F - Exe II,64,St - FE-17,25x50,
1661,F - Exe II,66,St - FE-17,25x50,
1662,F - Exe II,8,St - FE-49,35x70,Corner
1663,F - Exe II,16,St - FE-49,35x70,
1664,F - Exe II,18,St - FE-49,35x70,
1665,F - Exe II,20,St - FE-49,35x70,
1666,F - Exe II,22,St - FE-49,35x70,
1667,F - Exe II,24,St - FE-49,35x70,
1668,F - Exe II,26,St - FE-49,35x70,
1669,F - Exe II,28,St - FE-49,35x70,
1670,F - Exe II,30,St - FE-49,35x70,
1671,F - Exe II,32,St - FE-49,35x70,
1672,F - Exe II,34,St - FE-49,35x70,
1673,F - Exe II,36,St - FE-49,35x70,Corner
1674,F - Exe II,38,St - FE-49,35x70,Corner
1675,F - Exe II,40,St - FE-49,35x70,
1676,F - Exe II,42,St - FE-49,35x70,
1677,F - Exe II,44,St - FE-49,35x70,
1678,F - Exe II,46,St - FE-49,35x70,
1679,F - Exe II,48,St - FE-49,35x70,
1680,F - Exe II,50,St - FE-49,35x70,
1681,F - Exe II,52,St - FE-49,35x70,
1682,F - Exe II,54,St - FE-49,35x70,
1683,F - Exe II,56,St - FE-49,35x70,
1684,F - Exe II,58,St - FE-49,35x70,
1685,F - Exe II,60,St - FE-49,35x70,
1686,F - Exe II,62,St - FE-49,35x70,
1687,F - Exe II,64,St - FE-49,35x70,
1688,F - Exe II,66,St - FE-49,35x70,
1689,F - Exe II,68,St - FE-49,35x70,Corner
1690,F - Exe II,70,St - FE-49,35x70,Corner
1691,F - Exe II,72,St - FE-49,35x70,
1692,F - Exe II,82,St - FE-49,35x70,
1693,F - Exe II,84,St - FE-49,35x70,
1694,F - Exe II,86,St - FE-49,35x70,
1695,F - Exe II,88,St - FE-49,35x70,
1696,F - Exe II,90,St - FE-49,35x70,
1697,F - Exe II,92,St - FE-49,35x70,
1698,F - Exe II,94,St - FE-49,35x70,
1699,F - Exe II,96,St - FE-49,35x70,
1700,F - Exe II,98,St - FE-49,35x70,
1701,F - Exe II,100,St - FE-49,35x70,
1702,F - Exe II,8,St - FE-58,50x90,
1703,F - Exe II,10,St - FE-58,50x90,
1704,F - Exe II,12,St - FE-58,50x90,
1705,F - Exe II,14,St - FE-58,50x90,
1706,F - Exe II,16,St - FE-58,50x90,
1707,F - Exe II,18,St - FE-58,50x90,
1708,F - Exe II,20,St - FE-58,50x90,
1709,F - Exe II,22,St - FE-58,50x90,
1710,F - Exe II,24,St - FE-58,50x90,
1711,F - Exe II,26,St - FE-58,50x90,
1712,F - Exe II,28,St - FE-58,50x90,Corner
1713,F - Exe II,30,St - FE-58,50x90,Corner
1714,F - Exe II,32,St - FE-58,50x90,
1715,F - Exe II,34,St - FE-58,50x90,
1716,F - Exe II,36,St - FE-58,50x90,
1717,F - Exe II,38,St - FE-58,50x90,
1718,F - Exe II,40,St - FE-58,50x90,
1719,F - Exe II,42,St - FE-58,50x90,
1720,F - Exe II,44,St - FE-58,50x90,
1721,F - Exe II,46,St - FE-58,50x90,
1722,F - Exe II,48,St - FE-58,50x90,
1723,F - Exe II,50,St - FE-58,50x90,
1724,F - Exe II,52,St - FE-58,50x90,
1725,F - Exe II,54,St - FE-58,50x90,
1726,F - Exe II,56,St - FE-58,50x90,
1727,F - Exe II,58,St - FE-58,50x90,
1728,F - Exe II,60,St - FE-58,50x90,
1729,F - Exe II,62,St - FE-58,50x90,
1730,F - Exe II,64,St - FE-58,50x90,
1731,F - Exe II,66,St - FE-58,50x90,
1732,F - Exe II,68,St - FE-58,50x90,
1733,F - Exe II,70,St - FE-58,50x90,
1734,F - Exe II,72,St - FE-58,50x90,
1735,F - Exe II,74,St - FE-58,50x90,
1736,F - Exe II,76,St - FE-58,50x90,
1737,F - Exe II,78,St - FE-58,50x90,
1738,F - Exe II,80,St - FE-58,50x90,
1739,F - Exe II,82,St - FE-58,50x90,
1740,F - Exe II,84,St - FE-58,50x90,
1741,F - Exe II,86,St - FE-58,50x90,
1742,F - Exe II,1,St - FE-58,50x90,Corner
1743,F - Exe II,3,St - FE-58,50x90,
1744,F - Exe II,5,St - FE-58,50x90,
1745,F - Exe II,7,St - FE-58,50x90,
1746,F - Exe II,9,St - FE-58,50x90,
1747,F - Exe II,11,St - FE-58,50x90,
1748,F - Exe II,13,St - FE-58,50x90,
1749,F - Exe II,15,St - FE-58,50x90,
1750,F - Exe II,17,St - FE-58,50x90,
1751,F - Exe II,19,St - FE-58,50x90,
1752,F - Exe II,21,St - FE-58,50x90,
1753,F - Exe II,23,St - FE-58,50x90,
1754,F - Exe II,25,St - FE-58,50x90,
1755,F - Exe II,27,St - FE-58,50x90,
1756,F - Exe II,29,St - FE-58,50x90,
1757,F - Exe II,31,St - FE-58,50x90,
1758,F - Exe II,33,St - FE-58,50x90,Corner
1759,F - Exe II,2,St - FE-60,50x90,Corner
1760,F - Exe II,4,St - FE-60,50x90,
1761,F - Exe II,6,St - FE-60,50x90,
1762,F - Exe II,8,St - FE-60,50x90,
1763,F - Exe II,10,St - FE-60,50x90,
1764,F - Exe II,12,St - FE-60,50x90,
1765,F - Exe II,14,St - FE-60,50x90,
1766,F - Exe II,16,St - FE-60,50x90,
1767,F - Exe II,18,St - FE-60,50x90,
1768,F - Exe II,20,St - FE-60,50x90,
1769,F - Exe II,22,St - FE-60,50x90,
1770,F - Exe II,24,St - FE-60,50x90,
1771,F - Exe II,26,St - FE-60,50x90,
1772,F - Exe II,28,St - FE-60,50x90,
1773,F - Exe II,30,St - FE-60,50x90,
1774,F - Exe II,32,St - FE-60,50x90,
1775,F - Exe II,34,St - FE-60,50x90,Corner
1776,F - Exe I,10,Valley Boulevard,50x90,Main Road
1777,F - Exe I,12,Valley Boulevard,50x90,Main Road
1778,F - Exe I,14,Valley Boulevard,50x90,Main Road
1779,F - Exe I,16,Valley Boulevard,50x90,Main Road
1780,F - Exe I,18,Valley Boulevard,50x90,Main Road
1781,F - Exe I,20,Valley Boulevard,50x90,Main Road
1782,F - Exe I,140,Valley Boulevard,50x90,Main Road Corner
1783,F - Exe I,142,Valley Boulevard,50x90,Main Road
1784,F - Exe I,144,Valley Boulevard,50x90,Main Road
1785,F - Exe I,146,Valley Boulevard,50x90,Main Road
1786,F - Exe I,148,Valley Boulevard,50x90,Main Road
1787,F - Exe I,150,Valley Boulevard,50x90,Main Road
1788,F - Exe I,152,Valley Boulevard,50x90,Main Road
1789,F - Exe I,154,Valley Boulevard,50x90,Main Road
1790,F - Exe I,156,Valley Boulevard,50x90,Main Road
1791,F - Exe I,158,Valley Boulevard,50x90,Main Road
1792,F - Exe I,160,Valley Boulevard,50x90,Main Road
1793,F - Exe I,162,Valley Boulevard,50x90,Main Road
1794,F - Exe I,164,Valley Boulevard,50x90,Main Road
1795,F - Exe I,166,Valley Boulevard,50x90,Main Road
1796,F - Exe I,168,Valley Boulevard,50x90,Main Road
1797,F - Exe I,170,Valley Boulevard,50x90,Main Road
1798,F - Exe I,172,Valley Boulevard,50x90,Main Road
1799,F - Exe I,174,Valley Boulevard,50x90,Main Road Corner
1800,F - Exe I,7,Valley Boulevard,50x90,Main Road
1801,F - Exe I,9,Valley Boulevard,50x90,Main Road
1802,F - Exe I,11,Valley Boulevard,50x90,Main Road
1803,F - Exe I,13,Valley Boulevard,50x90,Main Road
1804,F - Exe I,15,Valley Boulevard,50x90,Main Road
1805,F - Exe I,17,Valley Boulevard,50x90,Main Road
1806,F - Exe I,19,Valley Boulevard,50x90,Main Road
1807,F - Exe I,21,Valley Boulevard,50x90,Main Road
1808,F - Exe I,23,Valley Boulevard,50x90,Main Road
1809,F - Exe I,81,Valley Boulevard,50x90,Main Road
1810,F - Exe I,83,Valley Boulevard,50x90,Main Road
1811,F - Exe I,85,Valley Boulevard,50x90,Main Road
1812,F - Exe I,87,Valley Boulevard,50x90,Main Road
1813,F - Exe I,89,Valley Boulevard,50x90,Main Road
1814,F - Exe I,91,Valley Boulevard,50x90,Main Road
1815,F - Exe I,93,Valley Boulevard,50x90,Main Road
1816,F - Exe I,99,Valley Boulevard,50x90,Main Road
1817,F - Exe I,101,Valley Boulevard,50x90,Main Road
1818,F - Exe I,103,Valley Boulevard,50x90,Main Road
1819,F - Exe I,105,Valley Boulevard,50x90,Main Road
1820,F - Exe I,107,Valley Boulevard,50x90,Main Road
1821,F - Exe I,109,Valley Boulevard,50x90,Main Road
1822,F - Exe I,111,Valley Boulevard,50x90,Main Road
1823,F - Exe I,113,Valley Boulevard,50x90,Main Road
1824,F - Exe I,115,Valley Boulevard,50x90,Main Road
1825,F - Exe I,117,Valley Boulevard,50x90,Main Road
1826,F - Exe I,119,Valley Boulevard,50x90,Main Road
1827,F - Exe I,121,Valley Boulevard,50x90,Main Road
1828,F - Exe I,123,Valley Boulevard,50x90,Main Road
1829,F - Exe I,125,Valley Boulevard,50x90,Main Road
1830,F - Exe I,127,Valley Boulevard,50x90,Main Road
1831,F - Exe I,129,Valley Boulevard,50x90,Main Road
1832,F - Exe I,131,Valley Boulevard,50x90,Main Road
1833,F - Exe I,133,Valley Boulevard,50x90,Main Road
1834,F - Exe I,135,Valley Boulevard,50x90,Main Road
1835,F - Exe I,137,Valley Boulevard,50x90,Main Road
1836,F - Exe I,139,Valley Boulevard,50x90,Main Road
1837,F - Exe I,141,Valley Boulevard,50x90,Main Road
1838,F - Exe I,143,Valley Boulevard,50x90,Main Road
1839,F - Exe I,145,Valley Boulevard,50x90,Main Road Corner
1840,F - Exe II,153,Valley Boulevard,50x90,Main Road
1841,F - Exe II,155,Valley Boulevard,50x90,Main Road
1842,F - Exe II,157,Valley Boulevard,50x90,Main Road
1843,F - Exe II,159,Valley Boulevard,50x90,Main Road
1844,F - Exe II,161,Valley Boulevard,50x90,Main Road
1845,F - Exe II,163,Valley Boulevard,50x90,Main Road
1846,F - Exe II,165,Valley Boulevard,50x90,Main Road
1847,F - Exe II,167,Valley Boulevard,50x90,Main Road
1848,F - Exe II,169,Valley Boulevard,50x90,Main Road
1849,F - Exe II,171,Valley Boulevard,50x90,Main Road
1850,F - Exe II,173,Valley Boulevard,50x90,Main Road Corner
1851,F - Exe II,175,Valley Boulevard,50x90,Main Road Corner
1852,F - Exe II,177,Valley Boulevard,50x90,Main Road
1853,F - Exe II,179,Valley Boulevard,50x90,Main Road
1854,F - Exe II,181,Valley Boulevard,50x90,Main Road
1855,F - Exe II,183,Valley Boulevard,50x90,Main Road
1856,F - Exe II,185,Valley Boulevard,50x90,Main Road
1857,F - Exe II,187,Valley Boulevard,50x90,Main Road
1858,F - Exe II,189,Valley Boulevard,50x90,Main Road
1859,F - Exe II,191,Valley Boulevard,50x90,Main Road
1860,F - Exe II,193,Valley Boulevard,50x90,Main Road
1861,F - Exe II,195,Valley Boulevard,50x90,Main Road
1862,F - Exe II,197,Valley Boulevard,50x90,Main Road
1863,F - Exe II,199,Valley Boulevard,50x90,Main Road
1864,F - Exe II,201,Valley Boulevard,50x90,Main Road
1865,F - Exe II,203,Valley Boulevard,50x90,Main Road
1866,F - Exe II,41,Boulevard - III,35x70,
1867,F - Exe II,32,Boulevard - III,35x70,
1868,F - Exe II,34,Boulevard - III,35x70,
1869,F - Exe II,36,Boulevard - III,35x70,
1870,F - Exe II,38,Boulevard - III,35x70,
1871,F - Exe II,40,Boulevard - III,35x70,
1872,F - Exe II,42,Boulevard - III,35x70,
1873,F - Exe II,44,Boulevard - III,35x70,
1874,F - Exe II,46,Boulevard - III,35x70,
1875,F - Exe II,48,Boulevard - III,35x70,Corner
1876,P,3540,159,30x60,Corner
1877,P,3541,159,30x60,
1878,P,3542,158,30x60,
1879,P,3543,158,30x60,
1880,P,3544,158,30x60,
1881,P,3545,158,30x60,
1882,P,3546,158,30x60,
1883,P,3586,160,30x60,Corner
1884,P,3587,160,30x60,
1885,P,3588,160,30x60,
1886,P,3589,160,30x60,
1887,P,3590,160,30x60,
1888,P,3591,160,30x60,
1889,P,3592,160,30x60,
1890,P,3593,160,30x60,
1891,P,3594,160,30x60,
1892,P,3595,160,30x60,
1893,P,3596,160,30x60,
1894,P,3597,160,30x60,
1895,P,3598,160,30x60,
1896,P,3599,160,30x60,
1897,P,3600,160,30x60,
1898,P,3601,159,30x60,Corner
1899,P,3602,160,30x60,Corner
1900,P,3603,160,30x60,
1901,P,3604,159,30x60,
1902,P,3605,159,30x60,
1903,P,3606,159,30x60,
1904,P,3607,159,30x60,
1905,P,3608,159,30x60,Corner
1906,P,3609,161,30x60,Parkface Corner
1907,P,3610,161,30x60,Parkface
1908,P,3611,161,30x60,Parkface
1909,P,3612,161,30x60,Parkface
1910,P,3613,161,30x60,Parkface
1911,P,3614,160,30x60,Corner
1912,P,3615,162,30x60,Parkface Corner
1913,P,3616,162,30x60,Parkface
1914,P,3617,162,30x60,Parkface
1915,P,3618,162,30x60,Parkface
1916,P,3619,162,30x60,Parkface
1917,P,3620,160,30x60,Corner
1918,P,3621,160,30x60,
1919,P,3622,160,30x60,Corner
1920,P,3623,163,30x60,
1921,P,3624,163,30x60,
1922,P,3625,163,30x60,
1923,P,3626,163,30x60,
1924,P,3627,163,30x60,Corner
1925,P,3628,164,30x60,Corner
1926,P,3629,164,30x60,
1927,P,3630,164,30x60,
1928,P,3631,164,30x60,
1929,P,3632,164,30x60,
1930,P,3633,164,30x60,Parkface
1931,P,3634,164,30x60,Parkface
1932,P,3635,164,30x60,Parkface
1933,P,3636,164,30x60,Parkface
1934,P,3637,164,30x60,Parkface
1935,P,3638,164,30x60,Parkface
1936,P,3639,164,30x60,
1937,P,3640,164,30x60,
1938,P,3641,164,30x60,
1939,P,3642,164,30x60,
1940,P,3643,164,30x60,Corner
1941,P,3644,165,30x60,Corner
1942,P,3645,165,30x60,
1943,P,3646,165,30x60,
1944,P,3647,165,30x60,
1945,P,3648,165,30x60,
1946,P,3649,165,30x60,
1947,P,3650,165,30x60,
1948,P,3651,165,30x60,
1949,P,3652,165,30x60,
1950,P,3653,165,30x60,
1951,P,3654,165,30x60,
1952,P,3655,165,30x60,
1953,P,3656,165,30x60,
1954,P,3657,165,30x60,
1955,P,3658,165,30x60,
1956,P,3659,165,30x60,Corner
1957,P,4243,225,30x60,Corner
1958,P,4244,225,30x60,
1959,P,4245,225,30x60,
1960,P,4246,225,30x60,
1961,P,4247,225,30x60,
1962,P,4248,225,30x60,
1963,P,4249,225,30x60,
1964,P,4250,225,30x60,
1965,P,4251,225,30x60,
1966,P,4252,225,30x60,
1967,P,4253,225,30x60,
1968,P,4254,225,30x60,
1969,P,4255,225,30x60,
1970,P,4256,225,30x60,
1971,P,4257,225,30x60,
1972,P,4258,225,30x60,
1973,P,4259,225,30x60,
1974,P,4260,225,30x60,
1975,P,4261,225,30x60,
1976,P,4262,225,30x60,
1977,P,4263,225,30x60,Corner
1978,P,4264,229,30x60,Corner
1979,P,4265,229,30x60,
1980,P,4266,229,30x60,
1981,P,4267,229,30x60,
1982,P,4268,229,30x60,
1983,P,4269,229,30x60,Parkface
1984,P,4270,229,30x60,Parkface
1985,P,4271,229,30x60,Parkface
1986,P,4272,229,30x60,Parkface
1987,P,4273,229,30x60,Parkface
1988,P,4274,229,30x60,Parkface
1989,P,4275,229,30x60,Parkface
1990,P,4276,229,30x60,Parkface
1991,P,4277,229,30x60,Parkface
1992,P,4278,229,30x60,Parkface
1993,P,4280,229,30x60,
1994,P,4281,229,30x60,
1995,P,4282,229,30x60,
1996,P,4283,229,30x60,
1997,P,4284,229,30x60,Corner
1998,P,4285,233,30x60,Corner
1999,P,4286,233,30x60,
2000,P,4287,233,30x60,
2001,P,4288,233,30x60,
2002,P,4289,233,30x60,
2003,P,4290,233,30x60,
2004,P,4291,233,30x60,
2005,P,4292,233,30x60,
2006,P,4293,233,30x60,
2007,P,4294,233,30x60,
2008,P,4295,233,30x60,
2009,P,4296,233,30x60,
2010,P,4297,233,30x60,
2011,P,4298,233,30x60,
2012,P,4299,233,30x60,Corner
2013,P,4300,232,30x60,Corner
2014,P,4301,232,30x60,
2015,P,4302,232,30x60,
2016,P,4303,232,30x60,
2017,P,4304,232,30x60,
2018,P,4305,232,30x60,Parkface
2019,P,4306,232,30x60,Parkface
2020,P,4307,232,30x60,Parkface
2021,P,4308,232,30x60,Parkface
2022,P,4309,232,30x60,Parkface
2023,P,4310,232,30x60,Parkface
2024,P,4311,232,30x60,Parkface
2025,P,4312,232,30x60,Parkface
2026,P,4313,232,30x60,Parkface
2027,P,4314,232,30x60,Parkface Corner
2028,P,4315,231,30x60,Corner
2029,P,4316,231,30x60,
2030,P,4317,231,30x60,
2031,P,4318,231,30x60,
2032,P,4319,231,30x60,Parkface
2033,P,4320,231,30x60,Parkface
2034,P,4321,231,30x60,Parkface
2035,P,4322,231,30x60,Parkface
2036,P,4323,231,30x60,Parkface
2037,P,4324,231,30x60,Parkface
2038,P,4325,231,30x60,Parkface Corner
2039,P,4326,234,30x60,Corner
2040,P,4327,234,30x60,
2041,P,4328,234,30x60,
2042,P,4329,234,30x60,
2043,P,4330,234,30x60,
2044,P,4331,234,30x60,
2045,P,4332,234,30x60,
2046,P,4333,234,30x60,
2047,P,4334,234,30x60,
2048,P,4335,234,30x60,
2049,P,4336,234,30x60,Corner
2050,P,4337,230,30x60,Parkface Corner
2051,P,4338,230,30x60,Parkface
2052,P,4340,230,30x60,Parkface
2053,P,4341,230,30x60,Parkface
2054,P,4342,230,30x60,Parkface
2055,P,4343,230,30x60,
2056,P,4344,230,30x60,
2057,P,4345,230,30x60,
2058,P,4346,230,30x60,
2059,P,4347,230,30x60,
2060,P,4348,230,30x60,
2061,P,4349,230,30x60,
2062,P,4350,230,30x60,
2063,P,4351,230,30x60,Corner
2064,P,4352,228,30x60,Corner
2065,P,4363,228,30x60,
2066,P,4364,228,30x60,
2067,P,4365,228,30x60,
2068,P,4366,228,30x60,Corner
2069,P,4467,234,30x60,Corner
2070,P,4468,234,30x60,
2071,P,4469,234,30x60,
2072,P,4470,234,30x60,
2073,P,4471,234,30x60,
2074,P,4472,234,30x60,
2075,P,4473,234,30x60,
2076,P,4474,234,30x60,
2077,P,4475,234,30x60,
2078,P,4476,234,30x60,
2079,P,4477,234,30x60,
2080,P,4478,234,30x60,
2081,P,4479,234,30x60,
2082,P,4481,234,30x60,
2083,P,4482,234,30x60,
2084,P,4483,234,30x60,
2085,P,4484,234,30x60,Corner
2086,P,4527,185,30x60,Corner
2087,P,4528,185,30x60,
2088,P,4529,185,30x60,
2089,P,4648,173,30x60,Corner
2090,P,4649,173,30x60,
2091,P,4650,173,30x60,
2092,P,4651,173,30x60,
2093,P,4652,173,30x60,
2094,P,4653,173,30x60,
2095,P,4654,173,30x60,
2096,P,4657,173,30x60,
2097,P,4658,173,30x60,
2098,P,4659,173,30x60,
2099,P,4660,173,30x60,
2100,P,4661,173,30x60,
2101,P,4662,173,30x60,
2102,P,4663,173,30x60,
2103,P,4664,173,30x60,
2104,P,4665,173,30x60,
2105,P,4666,173,30x60,
2106,P,4667,173,30x60,Corner
2107,P,4681,174,30x60,Parkface
2108,P,4682,174,30x60,Parkface
2109,P,4683,174,30x60,
2110,P,4687,174,30x60,Corner
2111,P,4688,175,30x60,Corner
2112,P,4689,175,30x60,
2113,P,4690,175,30x60,
2114,P,4691,175,30x60,
2115,P,4692,175,30x60,
2116,P,4693,175,30x60,
2117,P,4694,175,30x60,
2118,P,4695,175,30x60,
2119,P,4696,175,30x60,
2120,P,4697,175,30x60,
2121,P,4698,175,30x60,
2122,P,4699,175,30x60,
2123,P,4700,175,30x60,
2124,P,4701,175,30x60,
2125,P,4702,175,30x60,Corner
2126,P,4703,176,30x60,Corner
2127,P,4704,176,30x60,
2128,P,4705,176,30x60,
2129,P,4706,176,30x60,
2130,P,4707,176,30x60,
2131,P,4708,176,30x60,Parkface
2132,P,4709,176,30x60,Parkface
2133,P,4710,176,30x60,Parkface
2134,P,4711,176,30x60,Parkface
2135,P,4712,176,30x60,Parkface
2136,P,4713,176,30x60,Parkface
2137,P,4714,176,30x60,Parkface
2138,P,4715,176,30x60,Parkface
2139,P,4716,176,30x60,Parkface
2140,P,4717,176,30x60,Parkface Corner
2141,P,4718,177,30x60,Corner
2142,P,4719,177,30x60,
2143,P,4720,177,30x60,
2144,P,4721,177,30x60,
2145,P,4722,177,30x60,Parkface
2146,P,4723,177,30x60,Parkface
2147,P,4724,177,30x60,Parkface
2148,P,4725,177,30x60,Parkface
2149,P,4726,177,30x60,Parkface Corner
2150,P,4727,182,30x60,Corner
2151,P,4728,182,30x60,
2152,P,4729,182,30x60,
2153,P,4730,182,30x60,
2154,P,4731,182,30x60,
2155,P,4732,182,30x60,
2156,P,4733,182,30x60,
2157,P,4734,182,30x60,
2158,P,4735,182,30x60,Corner
2159,P,4736,178,30x60,Corner
2160,P,4737,178,30x60,
2161,P,4738,178,30x60,
2162,P,4739,178,30x60,
2163,P,4740,178,30x60,
2164,P,4741,178,30x60,
2165,P,4742,178,30x60,
2166,P,4743,178,30x60,
2167,P,4744,178,30x60,
2168,P,4745,178,30x60,Parkface
2169,P,4746,178,30x60,Parkface
2170,P,4747,178,30x60,Parkface
2171,P,4748,178,30x60,Parkface
2172,P,4749,178,30x60,Parkface
2173,P,4750,178,30x60,Corner
2174,P,4751,179,30x60,Corner
2175,P,4765,179,30x60,Corner
2176,P,6701,300,35x70,
2177,P,6702,300,35x70,
2178,P,6703,300,35x70,
2179,P,6704,300,35x70,
2180,P,6705,300,35x70,
2181,P,6706,300,35x70,
2182,P,6707,300,35x70,
2183,P,6708,300,35x70,
2184,P,6709,300,35x70,
2185,P,6710,300,35x70,
2186,P,6711,300,35x70,
2187,P,6712,300,35x70,
2188,P,6713,300,35x70,
2189,P,6714,300,35x70,
2190,P,6715,300,35x70,
2191,P,6716,300,35x70,
2192,P,6717,300,35x70,Corner
2193,P,6718,301,35x70,Corner
2194,P,6719,301,35x70,
2195,P,6720,301,35x70,
2196,P,6721,301,35x70,
2197,P,6722,301,35x70,
2198,P,6723,301,35x70,
2199,P,6724,301,35x70,
2200,P,6725,301,35x70,
2201,P,6726,301,35x70,
2202,P,6727,301,35x70,
2203,P,6728,301,35x70,
2204,P,6729,301,35x70,
2205,P,6730,301,35x70,
2206,P,6731,301,35x70,
2207,P,6732,301,35x70,
2208,P,6733,301,35x70,
2209,P,6734,301,35x70,
2210,P,6736,301,35x70,
2211,P,6737,301,35x70,
2212,P,6738,301,35x70,
2213,P,6739,301,35x70,
2214,P,6740,301,35x70,
2215,P,6741,301,35x70,
2216,P,6742,301,35x70,
2217,P,6743,301,35x70,
2218,P,6744,301,35x70,
2219,P,6745,301,35x70,
2220,P,6746,301,35x70,
2221,P,6747,301,35x70,
2222,P,6748,301,35x70,
2223,P,6749,301,35x70,
2224,P,6750,301,35x70,
2225,P,6751,301,35x70,
2226,P,6752,301,35x70,Corner
2227,P,6753,302,35x70,Corner
2228,P,6754,302,35x70,
2229,P,6755,302,35x70,
2230,P,6756,302,35x70,
2231,P,6757,302,35x70,
2232,P,6758,302,35x70,
2233,P,6759,302,35x70,
2234,P,6760,302,35x70,
2235,P,6761,302,35x70,
2236,P,6762,302,35x70,
2237,P,6763,302,35x70,
2238,P,6764,302,35x70,
2239,P,6765,302,35x70,
2240,P,6766,302,35x70,
2241,P,6767,302,35x70,
2242,P,6768,302,35x70,
2243,P,6769,302,35x70,
2244,P,6770,302,35x70,
2245,P,6771,302,35x70,
2246,P,6772,303,35x70,
2247,P,6773,303,35x70,
2248,P,6774,303,35x70,
2249,P,6775,303,35x70,
2250,P,6776,303,35x70,
2251,P,6777,303,35x70,
2252,P,6778,303,35x70,
2253,P,6779,303,35x70,
2254,P,6780,303,35x70,
2255,P,6781,303,35x70,
2256,P,6782,303,35x70,Corner
2257,P,6783,304,35x70,Corner
2258,P,6784,304,35x70,
2259,P,6785,304,35x70,
2260,P,6786,304,35x70,
2261,P,6787,304,35x70,
2262,P,6788,304,35x70,
2263,P,6789,304,35x70,
2264,P,6790,304,35x70,
2265,P,6791,304,35x70,
2266,P,6792,304,35x70,
2267,P,6793,304,35x70,
2268,P,6852,306,35x70,
2269,P,6858,306,35x70,
2270,P,6859,306,35x70,
2271,P,6860,306,35x70,
2272,P,6861,306,35x70,
2273,P,6862,306,35x70,
2274,P,6863,306,35x70,
2275,P,6864,306,35x70,
